App Name,Ad Name,Start Date,End Date,Time Zone,Currency,Country Code,Shop Plan,Device Type,Search Term,Keyword,Match Type,Bid,Impressions,Clicks,Click Through Rate,Installs,Install Rate,Cost Per Click,Cost Per Install,Spend,Average Position,Visibility,Customers,Revenue,Return On Spend,Cost Per Customer,Conversion Rate
Cartly Slide Cart Drawer,HP - EU (A) - 29/08/2025,2025-09-01,2025-09-04,UTC,USD,FR,Advanced,desktop,cart drawer,cart drawer,exact,7.23,10,1,0.1,0,0,8.56,0,8.56,3,0.833333,,,,,
Cartly Slide Cart Drawer,HP - EU (A) - 29/08/2025,2025-09-01,2025-09-04,UTC,USD,NL,Grow,desktop,cart,cart,exact,9.53,8,0,0,0,0,0,0,0,4,1,,,,,
Cartly Slide Cart Drawer,HP - EU (A) - 29/08/2025,2025-09-01,2025-09-04,UTC,USD,FR,Grow,desktop,cart,cart,exact,9.53,7,1,0.142857,1,1,8.56,8.56,8.56,2.714285,1,,,,,
Cartly Slide Cart Drawer,HP - EU (A) - 29/08/2025,2025-09-01,2025-09-04,UTC,USD,DE,Grow,desktop,slide cart drawer,slide cart drawer,exact,8.56,6,0,0,0,0,0,0,0,4,0.857142,,,,,
Cartly Slide Cart Drawer,HP - EU (A) - 29/08/2025,2025-09-01,2025-09-04,UTC,USD,SE,Grow,desktop,cart,cart,exact,9.53,5,0,0,0,0,0,0,0,3.6,1,,,,,
Cartly Slide Cart Drawer,HP - EU (A) - 29/08/2025,2025-09-01,2025-09-04,UTC,USD,GB,Grow,desktop,cart,cart,exact,9.53,5,0,0,0,0,0,0,0,3.8,1,,,,,
Cartly Slide Cart Drawer,HP - EU (A) - 29/08/2025,2025-09-01,2025-09-04,UTC,USD,FR,Advanced,desktop,drawer,drawer,exact,2.56,4,0,0,0,0,0,0,0,3,1,,,,,
Cartly Slide Cart Drawer,HP - EU (A) - 29/08/2025,2025-09-01,2025-09-04,UTC,USD,NL,Grow,desktop,cart drawer,cart drawer,exact,7.23,4,0,0,0,0,0,0,0,2,1,,,,,
Cartly Slide Cart Drawer,HP - EU (A) - 29/08/2025,2025-09-01,2025-09-04,UTC,USD,GB,Grow,desktop,cart drawer,cart drawer,exact,7.23,4,0,0,0,0,0,0,0,1.5,1,,,,,
Cartly Slide Cart Drawer,HP - EU (A) - 29/08/2025,2025-09-01,2025-09-04,UTC,USD,NL,Grow,desktop,upcart,upcart,exact,10.56,3,0,0,0,0,0,0,0,4,0.6,,,,,
Cartly Slide Cart Drawer,HP - EU (A) - 29/08/2025,2025-09-01,2025-09-04,UTC,USD,DK,Grow,desktop,upcart,upcart,exact,10.56,3,1,0.333333,0,0,10.56,0,10.56,4,1,,,,,
Cartly Slide Cart Drawer,HP - EU (A) - 29/08/2025,2025-09-01,2025-09-04,UTC,USD,DE,Grow,desktop,slide cart,slide cart,exact,9.56,3,0,0,0,0,0,0,0,2,1,,,,,
Cartly Slide Cart Drawer,HP - EU (A) - 29/08/2025,2025-09-01,2025-09-04,UTC,USD,SE,Grow,desktop,cart drawer,cart drawer,exact,7.23,3,1,0.333333,1,1,8.56,8.56,8.56,3,1,,,,,
Cartly Slide Cart Drawer,HP - EU (A) - 29/08/2025,2025-09-01,2025-09-04,UTC,USD,FR,Advanced,desktop,cart,cart,exact,9.53,3,0,0,0,0,0,0,0,3,1,,,,,
Cartly Slide Cart Drawer,HP - EU (A) - 29/08/2025,2025-09-01,2025-09-04,UTC,USD,DE,Grow,desktop,sticky cart,sticky cart,exact,6.06,2,0,0,0,0,0,0,0,3,1,,,,,
Cartly Slide Cart Drawer,HP - EU (A) - 29/08/2025,2025-09-01,2025-09-04,UTC,USD,NL,Grow,desktop,slide,slide,exact,7.56,2,0,0,0,0,0,0,0,2,1,,,,,
Cartly Slide Cart Drawer,HP - EU (A) - 29/08/2025,2025-09-01,2025-09-04,UTC,USD,BE,Advanced,desktop,cart sidebar,cart sidebar,exact,8.03,2,1,0.5,0,0,11.06,0,11.06,4,1,,,,,
Cartly Slide Cart Drawer,HP - EU (A) - 29/08/2025,2025-09-01,2025-09-04,UTC,USD,FR,Plus,desktop,cart drawer,cart drawer,exact,7.23,2,0,0,0,0,0,0,0,4,1,,,,,
Cartly Slide Cart Drawer,HP - EU (A) - 29/08/2025,2025-09-01,2025-09-04,UTC,USD,GB,Advanced,desktop,cart,cart,exact,9.53,2,0,0,0,0,0,0,0,4,0.666666,,,,,
Cartly Slide Cart Drawer,HP - EU (A) - 29/08/2025,2025-09-01,2025-09-04,UTC,USD,DE,Grow,desktop,cart,cart,exact,9.53,2,0,0,0,0,0,0,0,2.5,1,,,,,
Cartly Slide Cart Drawer,HP - EU (A) - 29/08/2025,2025-09-01,2025-09-04,UTC,USD,SE,Grow,desktop,upcart,upcart,exact,10.56,1,0,0,0,0,0,0,0,4,1,,,,,
Cartly Slide Cart Drawer,HP - EU (A) - 29/08/2025,2025-09-01,2025-09-04,UTC,USD,DE,Grow,desktop,upcart,upcart,exact,10.56,1,0,0,0,0,0,0,0,3,0.5,,,,,
Cartly Slide Cart Drawer,HP - EU (A) - 29/08/2025,2025-09-01,2025-09-04,UTC,USD,FR,Advanced,desktop,sticky cart,sticky cart,exact,6.06,1,0,0,0,0,0,0,0,4,1,,,,,
Cartly Slide Cart Drawer,HP - EU (A) - 29/08/2025,2025-09-01,2025-09-04,UTC,USD,GB,Grow,desktop,sticky cart,sticky cart,exact,6.06,1,0,0,0,0,0,0,0,2,1,,,,,
Cartly Slide Cart Drawer,HP - EU (A) - 29/08/2025,2025-09-01,2025-09-04,UTC,USD,FR,Grow,desktop,slide cart drawer,slide cart drawer,exact,8.56,1,0,0,0,0,0,0,0,3,1,,,,,
Cartly Slide Cart Drawer,HP - EU (A) - 29/08/2025,2025-09-01,2025-09-04,UTC,USD,NL,Advanced,desktop,slide,slide,exact,7.56,1,0,0,0,0,0,0,0,1,1,,,,,
Cartly Slide Cart Drawer,HP - EU (A) - 29/08/2025,2025-09-01,2025-09-04,UTC,USD,GB,Plus,desktop,cartly,cartly,exact,5.56,1,0,0,0,0,0,0,0,1,1,,,,,
Cartly Slide Cart Drawer,HP - EU (A) - 29/08/2025,2025-09-01,2025-09-04,UTC,USD,GB,Advanced,desktop,cart drawer,cart drawer,exact,7.23,1,0,0,0,0,0,0,0,3,0.5,,,,,
Cartly Slide Cart Drawer,HP - EU (A) - 29/08/2025,2025-09-01,2025-09-04,UTC,USD,FR,Grow,desktop,cart drawer,cart drawer,exact,7.23,1,0,0,0,0,0,0,0,2,1,,,,,
Cartly Slide Cart Drawer,HP - EU (A) - 29/08/2025,2025-09-01,2025-09-04,UTC,USD,IE,Advanced,desktop,cart,cart,exact,9.53,1,0,0,0,0,0,0,0,4,1,,,,,
Cartly Slide Cart Drawer,HP - EU (A) - 29/08/2025,2025-09-01,2025-09-04,UTC,USD,FI,Grow,desktop,cart,cart,exact,9.53,1,0,0,0,0,0,0,0,4,1,,,,,
Cartly Slide Cart Drawer,HP - EU (A) - 29/08/2025,2025-09-01,2025-09-04,UTC,USD,GB,Advanced,desktop,upcart,upcart,exact,10.56,0,0,0,0,0,0,0,0,0,0,,,,,
Cartly Slide Cart Drawer,HP - EU (A) - 29/08/2025,2025-09-01,2025-09-04,UTC,USD,FR,Advanced,desktop,upcart,upcart,exact,10.56,0,0,0,0,0,0,0,0,0,0,,,,,
Cartly Slide Cart Drawer,HP - EU (A) - 29/08/2025,2025-09-01,2025-09-04,UTC,USD,AT,Advanced,desktop,upcart,upcart,exact,10.56,0,0,0,0,0,0,0,0,0,0,,,,,
Cartly Slide Cart Drawer,HP - EU (A) - 29/08/2025,2025-09-01,2025-09-04,UTC,USD,NL,Plus,desktop,upcart,upcart,exact,10.56,0,0,0,0,0,0,0,0,0,0,,,,,
Cartly Slide Cart Drawer,HP - EU (A) - 29/08/2025,2025-09-01,2025-09-04,UTC,USD,GB,Plus,desktop,upcart,upcart,exact,10.56,0,0,0,0,0,0,0,0,0,0,,,,,
Cartly Slide Cart Drawer,HP - EU (A) - 29/08/2025,2025-09-01,2025-09-04,UTC,USD,NL,Grow,desktop,side cart,side cart,exact,10.56,0,0,0,0,0,0,0,0,0,0,,,,,
Cartly Slide Cart Drawer,HP - EU (A) - 29/08/2025,2025-09-01,2025-09-04,UTC,USD,FI,Grow,desktop,cart popup,cart popup,exact,10.56,0,0,0,0,0,0,0,0,0,0,,,,,
Cartly Slide Cart Drawer,HP - EU (A) - 29/08/2025,2025-09-01,2025-09-04,UTC,USD,DE,Grow,desktop,cart app,cart app,exact,7.06,0,0,0,0,0,0,0,0,0,0,,,,,
Cartly Slide Cart Drawer,HP - EU (A) - 29/08/2025,2025-09-01,2025-09-04,UTC,USD,NL,Advanced,desktop,cart,cart,exact,9.53,0,0,0,0,0,0,0,0,0,0,,,,,
Cartly Slide Cart Drawer,HP - EU (A) - 29/08/2025,2025-09-01,2025-09-04,UTC,USD,GB,Plus,desktop,cart,cart,exact,9.53,0,0,0,0,0,0,0,0,0,0,,,,,
Cartly Slide Cart Drawer,HP - EU (A) - 29/08/2025,2025-09-01,2025-09-04,UTC,USD,DE,Plus,desktop,cart,cart,exact,9.53,0,0,0,0,0,0,0,0,0,0,,,,,
Cartly Slide Cart Drawer,HP - USA - 29/08/2025,2025-09-01,2025-09-23,UTC,USD,US,Grow,desktop,cart,cart,exact,8.56,71,4,0.056338,1,0.25,8.56,34.24,34.24,3.014084,0.898734,1,29.99,0.875876,34.24,1
Cartly Slide Cart Drawer,HP - USA - 29/08/2025,2025-09-01,2025-09-23,UTC,USD,US,Grow,desktop,slide cart,slide cart,exact,10.56,41,3,0.07317,1,0.333333,10.56,31.68,31.68,2.902439,0.97619,,,,,
Cartly Slide Cart Drawer,HP - USA - 29/08/2025,2025-09-01,2025-09-23,UTC,USD,US,Grow,desktop,cart drawer,cart drawer,exact,8.56,35,4,0.114285,2,0.5,8.56,17.12,34.24,2.742857,1,,,,,
Cartly Slide Cart Drawer,HP - USA - 29/08/2025,2025-09-01,2025-09-23,UTC,USD,US,Advanced,desktop,cart,cart,exact,8.56,21,1,0.047619,0,0,8.56,0,8.56,4.190476,0.338709,,,,,
Cartly Slide Cart Drawer,HP - USA - 29/08/2025,2025-09-01,2025-09-23,UTC,USD,US,Grow,desktop,upcart,upcart,exact,9.56,16,0,0,0,0,0,0,0,3.5,0.333333,,,,,
Cartly Slide Cart Drawer,HP - USA - 29/08/2025,2025-09-01,2025-09-23,UTC,USD,US,Plus,desktop,cart,cart,exact,8.56,8,0,0,0,0,0,0,0,4.25,0.307692,,,,,
Cartly Slide Cart Drawer,HP - USA - 29/08/2025,2025-09-01,2025-09-23,UTC,USD,US,Grow,desktop,drawer,drawer,exact,2.56,6,0,0,0,0,0,0,0,1.833333,1,,,,,
Cartly Slide Cart Drawer,HP - USA - 29/08/2025,2025-09-01,2025-09-23,UTC,USD,US,Advanced,desktop,slide cart drawer,slide cart drawer,exact,8.56,5,0,0,0,0,0,0,0,3.4,0.714285,,,,,
Cartly Slide Cart Drawer,HP - USA - 29/08/2025,2025-09-01,2025-09-23,UTC,USD,US,Grow,desktop,sticky cart,sticky cart,exact,5.06,4,0,0,0,0,0,0,0,2.5,0.148148,,,,,
Cartly Slide Cart Drawer,HP - USA - 29/08/2025,2025-09-01,2025-09-23,UTC,USD,US,Grow,desktop,cartly,cartly,exact,5.56,4,0,0,0,0,0,0,0,1.25,1,,,,,
Cartly Slide Cart Drawer,HP - USA - 29/08/2025,2025-09-01,2025-09-23,UTC,USD,US,Advanced,desktop,cart drawer,cart drawer,exact,8.56,4,0,0,0,0,0,0,0,3.75,1,,,,,
Cartly Slide Cart Drawer,HP - USA - 29/08/2025,2025-09-01,2025-09-23,UTC,USD,US,Advanced,desktop,slide,slide,exact,7.56,3,0,0,0,0,0,0,0,2.666666,1,,,,,
Cartly Slide Cart Drawer,HP - USA - 29/08/2025,2025-09-01,2025-09-23,UTC,USD,US,Plus,desktop,cart drawer,cart drawer,exact,8.56,3,0,0,0,0,0,0,0,2.666666,0.25,,,,,
Cartly Slide Cart Drawer,HP - USA - 29/08/2025,2025-09-01,2025-09-23,UTC,USD,US,Advanced,desktop,upcart,upcart,exact,9.56,2,0,0,0,0,0,0,0,4,0.181818,,,,,
Cartly Slide Cart Drawer,HP - USA - 29/08/2025,2025-09-01,2025-09-23,UTC,USD,US,Advanced,desktop,slide cart,slide cart,exact,10.56,2,0,0,0,0,0,0,0,2.5,0.666666,,,,,
Cartly Slide Cart Drawer,HP - USA - 29/08/2025,2025-09-01,2025-09-23,UTC,USD,US,Plus,desktop,slide cart,slide cart,exact,10.56,2,0,0,0,0,0,0,0,4,0.666666,,,,,
Cartly Slide Cart Drawer,HP - USA - 29/08/2025,2025-09-01,2025-09-23,UTC,USD,US,Plus,desktop,slide,slide,exact,7.56,2,0,0,0,0,0,0,0,2.5,1,,,,,
Cartly Slide Cart Drawer,HP - USA - 29/08/2025,2025-09-01,2025-09-23,UTC,USD,US,Grow,desktop,carty,carty,exact,1.56,2,0,0,0,0,0,0,0,1,1,,,,,
Cartly Slide Cart Drawer,HP - USA - 29/08/2025,2025-09-01,2025-09-23,UTC,USD,US,Plus,desktop,upcart,upcart,exact,9.56,1,0,0,0,0,0,0,0,4,0.058823,,,,,
Cartly Slide Cart Drawer,HP - USA - 29/08/2025,2025-09-01,2025-09-23,UTC,USD,US,Grow,desktop,side cart,side cart,exact,10.56,1,0,0,0,0,0,0,0,4,0.333333,,,,,
Cartly Slide Cart Drawer,HP - USA - 29/08/2025,2025-09-01,2025-09-23,UTC,USD,US,Advanced,desktop,drawer,drawer,exact,2.56,1,0,0,0,0,0,0,0,3,1,,,,,
Cartly Slide Cart Drawer,HP - USA - 29/08/2025,2025-09-01,2025-09-23,UTC,USD,US,Advanced,desktop,cartly,cartly,exact,5.56,1,0,0,0,0,0,0,0,4,1,,,,,
Cartly Slide Cart Drawer,HP - USA - 29/08/2025,2025-09-01,2025-09-23,UTC,USD,US,Advanced,desktop,sticky cart,sticky cart,exact,5.06,0,0,0,0,0,0,0,0,0,0,,,,,
Cartly Slide Cart Drawer,HP - USA - 29/08/2025,2025-09-01,2025-09-23,UTC,USD,US,Plus,desktop,sticky cart,sticky cart,exact,5.06,0,0,0,0,0,0,0,0,0,0,,,,,
Cartly Slide Cart Drawer,HP - USA - 29/08/2025,2025-09-01,2025-09-23,UTC,USD,US,Grow,desktop,floating cart,floating cart,exact,6.56,0,0,0,0,0,0,0,0,0,0,,,,,
Cartly Slide Cart Drawer,HP - USA - 29/08/2025,2025-09-01,2025-09-23,UTC,USD,US,Grow,desktop,cart popup,cart popup,exact,10.56,0,0,0,0,0,0,0,0,0,0,,,,,
Cartly Slide Cart Drawer,HP - USA - 29/08/2025,2025-09-01,2025-09-23,UTC,USD,US,Advanced,desktop,cart page,cart page,exact,5.56,0,0,0,0,0,0,0,0,0,0,,,,,
Cartly Slide Cart Drawer,HP - USA - 29/08/2025,2025-09-01,2025-09-19,UTC,USD,US,Grow,desktop,cart,cart,exact,8.56,71,4,0.056338,1,0.25,8.56,34.24,34.24,3.014084,0.898734,1,29.99,0.875876,34.24,1
Cartly Slide Cart Drawer,HP - USA - 29/08/2025,2025-09-01,2025-09-19,UTC,USD,US,Grow,desktop,slide cart,slide cart,exact,10.56,41,3,0.07317,1,0.333333,10.56,31.68,31.68,2.902439,0.97619,,,,,
Cartly Slide Cart Drawer,HP - USA - 29/08/2025,2025-09-01,2025-09-19,UTC,USD,US,Grow,desktop,cart drawer,cart drawer,exact,8.56,35,4,0.114285,2,0.5,8.56,17.12,34.24,2.742857,1,,,,,
Cartly Slide Cart Drawer,HP - USA - 29/08/2025,2025-09-01,2025-09-19,UTC,USD,US,Advanced,desktop,cart,cart,exact,8.56,21,1,0.047619,0,0,8.56,0,8.56,4.190476,0.338709,,,,,
Cartly Slide Cart Drawer,HP - USA - 29/08/2025,2025-09-01,2025-09-19,UTC,USD,US,Grow,desktop,upcart,upcart,exact,9.56,16,0,0,0,0,0,0,0,3.5,0.333333,,,,,
Cartly Slide Cart Drawer,HP - USA - 29/08/2025,2025-09-01,2025-09-19,UTC,USD,US,Plus,desktop,cart,cart,exact,8.56,8,0,0,0,0,0,0,0,4.25,0.307692,,,,,
Cartly Slide Cart Drawer,HP - USA - 29/08/2025,2025-09-01,2025-09-19,UTC,USD,US,Grow,desktop,drawer,drawer,exact,2.56,6,0,0,0,0,0,0,0,1.833333,1,,,,,
Cartly Slide Cart Drawer,HP - USA - 29/08/2025,2025-09-01,2025-09-19,UTC,USD,US,Advanced,desktop,slide cart drawer,slide cart drawer,exact,8.56,5,0,0,0,0,0,0,0,3.4,0.714285,,,,,
Cartly Slide Cart Drawer,HP - USA - 29/08/2025,2025-09-01,2025-09-19,UTC,USD,US,Grow,desktop,sticky cart,sticky cart,exact,5.06,4,0,0,0,0,0,0,0,2.5,0.148148,,,,,
Cartly Slide Cart Drawer,HP - USA - 29/08/2025,2025-09-01,2025-09-19,UTC,USD,US,Grow,desktop,cartly,cartly,exact,5.56,4,0,0,0,0,0,0,0,1.25,1,,,,,
Cartly Slide Cart Drawer,HP - USA - 29/08/2025,2025-09-01,2025-09-19,UTC,USD,US,Advanced,desktop,cart drawer,cart drawer,exact,8.56,4,0,0,0,0,0,0,0,3.75,1,,,,,
Cartly Slide Cart Drawer,HP - USA - 29/08/2025,2025-09-01,2025-09-19,UTC,USD,US,Advanced,desktop,slide,slide,exact,7.56,3,0,0,0,0,0,0,0,2.666666,1,,,,,
Cartly Slide Cart Drawer,HP - USA - 29/08/2025,2025-09-01,2025-09-19,UTC,USD,US,Plus,desktop,cart drawer,cart drawer,exact,8.56,3,0,0,0,0,0,0,0,2.666666,0.25,,,,,
Cartly Slide Cart Drawer,HP - USA - 29/08/2025,2025-09-01,2025-09-19,UTC,USD,US,Advanced,desktop,upcart,upcart,exact,9.56,2,0,0,0,0,0,0,0,4,0.181818,,,,,
Cartly Slide Cart Drawer,HP - USA - 29/08/2025,2025-09-01,2025-09-19,UTC,USD,US,Advanced,desktop,slide cart,slide cart,exact,10.56,2,0,0,0,0,0,0,0,2.5,0.666666,,,,,
Cartly Slide Cart Drawer,HP - USA - 29/08/2025,2025-09-01,2025-09-19,UTC,USD,US,Plus,desktop,slide cart,slide cart,exact,10.56,2,0,0,0,0,0,0,0,4,0.666666,,,,,
Cartly Slide Cart Drawer,HP - USA - 29/08/2025,2025-09-01,2025-09-19,UTC,USD,US,Plus,desktop,slide,slide,exact,7.56,2,0,0,0,0,0,0,0,2.5,1,,,,,
Cartly Slide Cart Drawer,HP - USA - 29/08/2025,2025-09-01,2025-09-19,UTC,USD,US,Grow,desktop,carty,carty,exact,1.56,2,0,0,0,0,0,0,0,1,1,,,,,
Cartly Slide Cart Drawer,HP - USA - 29/08/2025,2025-09-01,2025-09-19,UTC,USD,US,Plus,desktop,upcart,upcart,exact,9.56,1,0,0,0,0,0,0,0,4,0.058823,,,,,
Cartly Slide Cart Drawer,HP - USA - 29/08/2025,2025-09-01,2025-09-19,UTC,USD,US,Grow,desktop,side cart,side cart,exact,10.56,1,0,0,0,0,0,0,0,4,0.333333,,,,,
Cartly Slide Cart Drawer,HP - USA - 29/08/2025,2025-09-01,2025-09-19,UTC,USD,US,Advanced,desktop,drawer,drawer,exact,2.56,1,0,0,0,0,0,0,0,3,1,,,,,
Cartly Slide Cart Drawer,HP - USA - 29/08/2025,2025-09-01,2025-09-19,UTC,USD,US,Advanced,desktop,cartly,cartly,exact,5.56,1,0,0,0,0,0,0,0,4,1,,,,,
Cartly Slide Cart Drawer,HP - USA - 29/08/2025,2025-09-01,2025-09-19,UTC,USD,US,Advanced,desktop,sticky cart,sticky cart,exact,5.06,0,0,0,0,0,0,0,0,0,0,,,,,
Cartly Slide Cart Drawer,HP - USA - 29/08/2025,2025-09-01,2025-09-19,UTC,USD,US,Plus,desktop,sticky cart,sticky cart,exact,5.06,0,0,0,0,0,0,0,0,0,0,,,,,
Cartly Slide Cart Drawer,HP - USA - 29/08/2025,2025-09-01,2025-09-19,UTC,USD,US,Grow,desktop,floating cart,floating cart,exact,6.56,0,0,0,0,0,0,0,0,0,0,,,,,
Cartly Slide Cart Drawer,HP - USA - 29/08/2025,2025-09-01,2025-09-19,UTC,USD,US,Grow,desktop,cart popup,cart popup,exact,10.56,0,0,0,0,0,0,0,0,0,0,,,,,
Cartly Slide Cart Drawer,HP - USA - 29/08/2025,2025-09-01,2025-09-19,UTC,USD,US,Advanced,desktop,cart page,cart page,exact,5.56,0,0,0,0,0,0,0,0,0,0,,,,,
Cartly Slide Cart Drawer,HP - USA - 29/08/2025,2025-09-01,2025-09-15,UTC,USD,US,Grow,desktop,cart,cart,exact,8.56,70,4,0.057142,1,0.25,8.56,34.24,34.24,3.028571,0.897435,1,29.99,0.875876,34.24,1
Cartly Slide Cart Drawer,HP - USA - 29/08/2025,2025-09-01,2025-09-15,UTC,USD,US,Grow,desktop,slide cart,slide cart,exact,10.56,41,3,0.07317,1,0.333333,10.56,31.68,31.68,2.902439,0.97619,,,,,
Cartly Slide Cart Drawer,HP - USA - 29/08/2025,2025-09-01,2025-09-15,UTC,USD,US,Grow,desktop,cart drawer,cart drawer,exact,8.56,35,4,0.114285,2,0.5,8.56,17.12,34.24,2.742857,1,,,,,
Cartly Slide Cart Drawer,HP - USA - 29/08/2025,2025-09-01,2025-09-15,UTC,USD,US,Advanced,desktop,cart,cart,exact,8.56,19,1,0.052631,0,0,8.56,0,8.56,4.210526,0.316666,,,,,
Cartly Slide Cart Drawer,HP - USA - 29/08/2025,2025-09-01,2025-09-15,UTC,USD,US,Grow,desktop,upcart,upcart,exact,9.56,16,0,0,0,0,0,0,0,3.5,0.333333,,,,,
Cartly Slide Cart Drawer,HP - USA - 29/08/2025,2025-09-01,2025-09-15,UTC,USD,US,Plus,desktop,cart,cart,exact,8.56,8,0,0,0,0,0,0,0,4.25,0.307692,,,,,
Cartly Slide Cart Drawer,HP - USA - 29/08/2025,2025-09-01,2025-09-15,UTC,USD,US,Grow,desktop,drawer,drawer,exact,2.56,6,0,0,0,0,0,0,0,1.833333,1,,,,,
Cartly Slide Cart Drawer,HP - USA - 29/08/2025,2025-09-01,2025-09-15,UTC,USD,US,Advanced,desktop,slide cart drawer,slide cart drawer,exact,8.56,5,0,0,0,0,0,0,0,3.4,0.714285,,,,,
Cartly Slide Cart Drawer,HP - USA - 29/08/2025,2025-09-01,2025-09-15,UTC,USD,US,Grow,desktop,cartly,cartly,exact,5.56,4,0,0,0,0,0,0,0,1.25,1,,,,,
Cartly Slide Cart Drawer,HP - USA - 29/08/2025,2025-09-01,2025-09-15,UTC,USD,US,Advanced,desktop,cart drawer,cart drawer,exact,8.56,4,0,0,0,0,0,0,0,3.75,1,,,,,
Cartly Slide Cart Drawer,HP - USA - 29/08/2025,2025-09-01,2025-09-15,UTC,USD,US,Grow,desktop,sticky cart,sticky cart,exact,5.06,3,0,0,0,0,0,0,0,2,0.115384,,,,,
Cartly Slide Cart Drawer,HP - USA - 29/08/2025,2025-09-01,2025-09-15,UTC,USD,US,Advanced,desktop,slide,slide,exact,7.56,3,0,0,0,0,0,0,0,2.666666,1,,,,,
Cartly Slide Cart Drawer,HP - USA - 29/08/2025,2025-09-01,2025-09-15,UTC,USD,US,Plus,desktop,cart drawer,cart drawer,exact,8.56,3,0,0,0,0,0,0,0,2.666666,0.25,,,,,
Cartly Slide Cart Drawer,HP - USA - 29/08/2025,2025-09-01,2025-09-15,UTC,USD,US,Advanced,desktop,upcart,upcart,exact,9.56,2,0,0,0,0,0,0,0,4,0.181818,,,,,
Cartly Slide Cart Drawer,HP - USA - 29/08/2025,2025-09-01,2025-09-15,UTC,USD,US,Advanced,desktop,slide cart,slide cart,exact,10.56,2,0,0,0,0,0,0,0,2.5,0.666666,,,,,
Cartly Slide Cart Drawer,HP - USA - 29/08/2025,2025-09-01,2025-09-15,UTC,USD,US,Plus,desktop,slide cart,slide cart,exact,10.56,2,0,0,0,0,0,0,0,4,0.666666,,,,,
Cartly Slide Cart Drawer,HP - USA - 29/08/2025,2025-09-01,2025-09-15,UTC,USD,US,Plus,desktop,slide,slide,exact,7.56,2,0,0,0,0,0,0,0,2.5,1,,,,,
Cartly Slide Cart Drawer,HP - USA - 29/08/2025,2025-09-01,2025-09-15,UTC,USD,US,Grow,desktop,carty,carty,exact,1.56,2,0,0,0,0,0,0,0,1,1,,,,,
Cartly Slide Cart Drawer,HP - USA - 29/08/2025,2025-09-01,2025-09-15,UTC,USD,US,Plus,desktop,upcart,upcart,exact,9.56,1,0,0,0,0,0,0,0,4,0.058823,,,,,
Cartly Slide Cart Drawer,HP - USA - 29/08/2025,2025-09-01,2025-09-15,UTC,USD,US,Grow,desktop,side cart,side cart,exact,10.56,1,0,0,0,0,0,0,0,4,1,,,,,
Cartly Slide Cart Drawer,HP - USA - 29/08/2025,2025-09-01,2025-09-15,UTC,USD,US,Advanced,desktop,drawer,drawer,exact,2.56,1,0,0,0,0,0,0,0,3,1,,,,,
Cartly Slide Cart Drawer,HP - USA - 29/08/2025,2025-09-01,2025-09-15,UTC,USD,US,Advanced,desktop,cartly,cartly,exact,5.56,1,0,0,0,0,0,0,0,4,1,,,,,
Cartly Slide Cart Drawer,HP - USA - 29/08/2025,2025-09-01,2025-09-15,UTC,USD,US,Advanced,desktop,sticky cart,sticky cart,exact,5.06,0,0,0,0,0,0,0,0,0,0,,,,,
Cartly Slide Cart Drawer,HP - USA - 29/08/2025,2025-09-01,2025-09-15,UTC,USD,US,Plus,desktop,sticky cart,sticky cart,exact,5.06,0,0,0,0,0,0,0,0,0,0,,,,,
Cartly Slide Cart Drawer,HP - USA - 29/08/2025,2025-09-01,2025-09-15,UTC,USD,US,Grow,desktop,floating cart,floating cart,exact,6.56,0,0,0,0,0,0,0,0,0,0,,,,,
Cartly Slide Cart Drawer,HP - USA - 29/08/2025,2025-09-01,2025-09-15,UTC,USD,US,Grow,desktop,cart popup,cart popup,exact,10.56,0,0,0,0,0,0,0,0,0,0,,,,,
Cartly Slide Cart Drawer,HP - USA - 29/08/2025,2025-09-01,2025-09-15,UTC,USD,US,Advanced,desktop,cart page,cart page,exact,5.56,0,0,0,0,0,0,0,0,0,0,,,,,
Cartly Slide Cart Drawer,HP - USA - 29/08/2025,2025-09-01,2025-09-10,UTC,USD,US,Grow,desktop,cart,cart,exact,8.56,37,2,0.054054,1,0.5,8.56,17.12,17.12,2.702702,0.880952,1,29.99,1.751752,17.12,1
Cartly Slide Cart Drawer,HP - USA - 29/08/2025,2025-09-01,2025-09-10,UTC,USD,US,Grow,desktop,slide cart,slide cart,exact,10.56,36,2,0.055555,1,0.5,10.56,21.12,21.12,3.055555,1,,,,,
Cartly Slide Cart Drawer,HP - USA - 29/08/2025,2025-09-01,2025-09-10,UTC,USD,US,Grow,desktop,cart drawer,cart drawer,exact,8.56,23,3,0.130434,1,0.333333,8.56,25.68,25.68,3.217391,1,,,,,
Cartly Slide Cart Drawer,HP - USA - 29/08/2025,2025-09-01,2025-09-10,UTC,USD,US,Advanced,desktop,cart,cart,exact,8.56,14,1,0.071428,0,0,8.56,0,8.56,4.285714,0.318181,,,,,
Cartly Slide Cart Drawer,HP - USA - 29/08/2025,2025-09-01,2025-09-10,UTC,USD,US,Grow,desktop,upcart,upcart,exact,9.56,13,0,0,0,0,0,0,0,3.461538,0.5,,,,,
Cartly Slide Cart Drawer,HP - USA - 29/08/2025,2025-09-01,2025-09-10,UTC,USD,US,Plus,desktop,cart,cart,exact,8.56,8,0,0,0,0,0,0,0,4.25,0.380952,,,,,
Cartly Slide Cart Drawer,HP - USA - 29/08/2025,2025-09-01,2025-09-10,UTC,USD,US,Advanced,desktop,slide cart drawer,slide cart drawer,exact,8.56,5,0,0,0,0,0,0,0,3.4,0.714285,,,,,
Cartly Slide Cart Drawer,HP - USA - 29/08/2025,2025-09-01,2025-09-10,UTC,USD,US,Grow,desktop,drawer,drawer,exact,2.56,4,0,0,0,0,0,0,0,1.5,1,,,,,
Cartly Slide Cart Drawer,HP - USA - 29/08/2025,2025-09-01,2025-09-10,UTC,USD,US,Advanced,desktop,cart drawer,cart drawer,exact,8.56,4,0,0,0,0,0,0,0,3.75,1,,,,,
Cartly Slide Cart Drawer,HP - USA - 29/08/2025,2025-09-01,2025-09-10,UTC,USD,US,Grow,desktop,sticky cart,sticky cart,exact,5.06,3,0,0,0,0,0,0,0,2,0.142857,,,,,
Cartly Slide Cart Drawer,HP - USA - 29/08/2025,2025-09-01,2025-09-10,UTC,USD,US,Grow,desktop,cartly,cartly,exact,5.56,3,0,0,0,0,0,0,0,1,1,,,,,
Cartly Slide Cart Drawer,HP - USA - 29/08/2025,2025-09-01,2025-09-10,UTC,USD,US,Plus,desktop,slide,slide,exact,7.56,2,0,0,0,0,0,0,0,2.5,1,,,,,
Cartly Slide Cart Drawer,HP - USA - 29/08/2025,2025-09-01,2025-09-10,UTC,USD,US,Advanced,desktop,upcart,upcart,exact,9.56,1,0,0,0,0,0,0,0,4,0.333333,,,,,
Cartly Slide Cart Drawer,HP - USA - 29/08/2025,2025-09-01,2025-09-10,UTC,USD,US,Plus,desktop,upcart,upcart,exact,9.56,1,0,0,0,0,0,0,0,4,0.090909,,,,,
Cartly Slide Cart Drawer,HP - USA - 29/08/2025,2025-09-01,2025-09-10,UTC,USD,US,Advanced,desktop,slide cart,slide cart,exact,10.56,1,0,0,0,0,0,0,0,2,1,,,,,
Cartly Slide Cart Drawer,HP - USA - 29/08/2025,2025-09-01,2025-09-10,UTC,USD,US,Advanced,desktop,slide,slide,exact,7.56,1,0,0,0,0,0,0,0,2,1,,,,,
Cartly Slide Cart Drawer,HP - USA - 29/08/2025,2025-09-01,2025-09-10,UTC,USD,US,Advanced,desktop,drawer,drawer,exact,2.56,1,0,0,0,0,0,0,0,3,1,,,,,
Cartly Slide Cart Drawer,HP - USA - 29/08/2025,2025-09-01,2025-09-10,UTC,USD,US,Grow,desktop,carty,carty,exact,1.56,1,0,0,0,0,0,0,0,1,1,,,,,
Cartly Slide Cart Drawer,HP - USA - 29/08/2025,2025-09-01,2025-09-10,UTC,USD,US,Plus,desktop,sticky cart,sticky cart,exact,5.06,0,0,0,0,0,0,0,0,0,0,,,,,
Cartly Slide Cart Drawer,HP - USA - 29/08/2025,2025-09-01,2025-09-10,UTC,USD,US,Plus,desktop,slide cart,slide cart,exact,10.56,0,0,0,0,0,0,0,0,0,0,,,,,
Cartly Slide Cart Drawer,HP - USA - 29/08/2025,2025-09-01,2025-09-10,UTC,USD,US,Grow,desktop,floating cart,floating cart,exact,6.56,0,0,0,0,0,0,0,0,0,0,,,,,
Cartly Slide Cart Drawer,HP - USA - 29/08/2025,2025-09-01,2025-09-10,UTC,USD,US,Grow,desktop,cart popup,cart popup,exact,10.56,0,0,0,0,0,0,0,0,0,0,,,,,
Cartly Slide Cart Drawer,HP - USA - 29/08/2025,2025-09-01,2025-09-10,UTC,USD,US,Plus,desktop,cart drawer,cart drawer,exact,8.56,0,0,0,0,0,0,0,0,0,0,,,,,
Cartly Slide Cart Drawer,HP - USA - 29/08/2025,2025-09-01,2025-09-07,UTC,USD,US,Grow,desktop,slide cart,slide cart,exact,10.56,35,2,0.057142,1,0.5,10.56,21.12,21.12,3.085714,1,,,,,
Cartly Slide Cart Drawer,HP - USA - 29/08/2025,2025-09-01,2025-09-07,UTC,USD,US,Grow,desktop,cart,cart,exact,8.56,28,2,0.071428,1,0.5,8.56,17.12,17.12,2.714285,0.848484,1,29.99,1.751752,17.12,1
Cartly Slide Cart Drawer,HP - USA - 29/08/2025,2025-09-01,2025-09-07,UTC,USD,US,Advanced,desktop,cart,cart,exact,8.56,13,1,0.076923,0,0,8.56,0,8.56,4.461538,0.393939,,,,,
Cartly Slide Cart Drawer,HP - USA - 29/08/2025,2025-09-01,2025-09-07,UTC,USD,US,Grow,desktop,cart drawer,cart drawer,exact,8.56,11,0,0,0,0,0,0,0,3.454545,1,,,,,
Cartly Slide Cart Drawer,HP - USA - 29/08/2025,2025-09-01,2025-09-07,UTC,USD,US,Grow,desktop,upcart,upcart,exact,9.56,8,0,0,0,0,0,0,0,3.375,0.444444,,,,,
Cartly Slide Cart Drawer,HP - USA - 29/08/2025,2025-09-01,2025-09-07,UTC,USD,US,Advanced,desktop,slide cart drawer,slide cart drawer,exact,8.56,4,0,0,0,0,0,0,0,3.25,0.666666,,,,,
Cartly Slide Cart Drawer,HP - USA - 29/08/2025,2025-09-01,2025-09-07,UTC,USD,US,Advanced,desktop,cart drawer,cart drawer,exact,8.56,4,0,0,0,0,0,0,0,3.75,1,,,,,
Cartly Slide Cart Drawer,HP - USA - 29/08/2025,2025-09-01,2025-09-07,UTC,USD,US,Grow,desktop,drawer,drawer,exact,2.56,3,0,0,0,0,0,0,0,1,1,,,,,
Cartly Slide Cart Drawer,HP - USA - 29/08/2025,2025-09-01,2025-09-07,UTC,USD,US,Grow,desktop,cartly,cartly,exact,5.56,3,0,0,0,0,0,0,0,1,1,,,,,
Cartly Slide Cart Drawer,HP - USA - 29/08/2025,2025-09-01,2025-09-07,UTC,USD,US,Grow,desktop,sticky cart,sticky cart,exact,5.06,2,0,0,0,0,0,0,0,1,0.285714,,,,,
Cartly Slide Cart Drawer,HP - USA - 29/08/2025,2025-09-01,2025-09-07,UTC,USD,US,Plus,desktop,cart,cart,exact,8.56,2,0,0,0,0,0,0,0,5.5,0.222222,,,,,
Cartly Slide Cart Drawer,HP - USA - 29/08/2025,2025-09-01,2025-09-07,UTC,USD,US,Plus,desktop,upcart,upcart,exact,9.56,1,0,0,0,0,0,0,0,4,0.142857,,,,,
Cartly Slide Cart Drawer,HP - USA - 29/08/2025,2025-09-01,2025-09-07,UTC,USD,US,Advanced,desktop,slide cart,slide cart,exact,10.56,1,0,0,0,0,0,0,0,2,1,,,,,
Cartly Slide Cart Drawer,HP - USA - 29/08/2025,2025-09-01,2025-09-07,UTC,USD,US,Advanced,desktop,slide,slide,exact,7.56,1,0,0,0,0,0,0,0,2,1,,,,,
Cartly Slide Cart Drawer,HP - USA - 29/08/2025,2025-09-01,2025-09-07,UTC,USD,US,Advanced,desktop,drawer,drawer,exact,2.56,1,0,0,0,0,0,0,0,3,1,,,,,
Cartly Slide Cart Drawer,HP - USA - 29/08/2025,2025-09-01,2025-09-07,UTC,USD,US,Grow,desktop,carty,carty,exact,1.56,1,0,0,0,0,0,0,0,1,1,,,,,
Cartly Slide Cart Drawer,HP - USA - 29/08/2025,2025-09-01,2025-09-07,UTC,USD,US,Advanced,desktop,upcart,upcart,exact,9.56,0,0,0,0,0,0,0,0,0,0,,,,,
Cartly Slide Cart Drawer,HP - USA - 29/08/2025,2025-09-01,2025-09-07,UTC,USD,US,Plus,desktop,sticky cart,sticky cart,exact,5.06,0,0,0,0,0,0,0,0,0,0,,,,,
Cartly Slide Cart Drawer,HP - USA - 29/08/2025,2025-09-01,2025-09-07,UTC,USD,US,Plus,desktop,slide cart,slide cart,exact,10.56,0,0,0,0,0,0,0,0,0,0,,,,,
Cartly Slide Cart Drawer,HP - USA - 29/08/2025,2025-09-01,2025-09-07,UTC,USD,US,Grow,desktop,floating cart,floating cart,exact,6.56,0,0,0,0,0,0,0,0,0,0,,,,,
Cartly Slide Cart Drawer,HP - USA - 29/08/2025,2025-09-01,2025-09-07,UTC,USD,US,Grow,desktop,cart popup,cart popup,exact,10.56,0,0,0,0,0,0,0,0,0,0,,,,,
Cartly Slide Cart Drawer,HP - USA - 29/08/2025,2025-09-01,2025-09-07,UTC,USD,US,Plus,desktop,cart drawer,cart drawer,exact,8.56,0,0,0,0,0,0,0,0,0,0,,,,,
Cartly Slide Cart Drawer,HP - World Wide - 29/08/2025,2025-09-01,2025-09-07,UTC,USD,IN,Basic,desktop,cart,cart,exact,5.23,100,5,0.05,0,0,3.56,0,17.8,3.13,0.961538,,,,,
Cartly Slide Cart Drawer,HP - World Wide - 29/08/2025,2025-09-01,2025-09-07,UTC,USD,IN,Basic,desktop,cart drawer,cart drawer,exact,8.03,24,1,0.041666,0,0,2.56,0,2.56,2.583333,0.705882,,,,,
Cartly Slide Cart Drawer,HP - World Wide - 29/08/2025,2025-09-01,2025-09-07,UTC,USD,MX,Basic,desktop,cart,cart,exact,5.23,14,0,0,0,0,0,0,0,3.357142,0.7,,,,,
Cartly Slide Cart Drawer,HP - World Wide - 29/08/2025,2025-09-01,2025-09-07,UTC,USD,TR,Basic,desktop,cart,cart,exact,5.23,13,1,0.076923,0,0,3.56,0,3.56,3.461538,0.866666,,,,,
Cartly Slide Cart Drawer,HP - World Wide - 29/08/2025,2025-09-01,2025-09-07,UTC,USD,IN,Basic,desktop,slide cart drawer,slide cart drawer,exact,5.23,12,1,0.083333,0,0,2.56,0,2.56,2.333333,0.666666,,,,,
Cartly Slide Cart Drawer,HP - World Wide - 29/08/2025,2025-09-01,2025-09-07,UTC,USD,HK,Basic,desktop,cart,cart,exact,5.23,11,0,0,0,0,0,0,0,2.181818,1,,,,,
Cartly Slide Cart Drawer,HP - World Wide - 29/08/2025,2025-09-01,2025-09-07,UTC,USD,EG,Basic,desktop,cart,cart,exact,5.23,10,1,0.1,0,0,3.56,0,3.56,3,0.90909,,,,,
Cartly Slide Cart Drawer,HP - World Wide - 29/08/2025,2025-09-01,2025-09-07,UTC,USD,SG,Basic,desktop,cart,cart,exact,5.23,9,1,0.111111,0,0,3.56,0,3.56,2.444444,1,,,,,
Cartly Slide Cart Drawer,HP - World Wide - 29/08/2025,2025-09-01,2025-09-07,UTC,USD,AE,Basic,desktop,cart,cart,exact,5.23,9,0,0,0,0,0,0,0,3.111111,0.9,,,,,
Cartly Slide Cart Drawer,HP - World Wide - 29/08/2025,2025-09-01,2025-09-07,UTC,USD,US,Basic,desktop,slide,slide,exact,1.63,8,0,0,0,0,0,0,0,2.625,0.533333,,,,,
Cartly Slide Cart Drawer,HP - World Wide - 29/08/2025,2025-09-01,2025-09-07,UTC,USD,JP,Basic,desktop,cart,cart,exact,5.23,8,1,0.125,1,1,3.56,3.56,3.56,3.125,1,,,,,
Cartly Slide Cart Drawer,HP - World Wide - 29/08/2025,2025-09-01,2025-09-07,UTC,USD,NL,Basic,desktop,slide,slide,exact,1.63,7,0,0,0,0,0,0,0,3.571428,0.875,,,,,
Cartly Slide Cart Drawer,HP - World Wide - 29/08/2025,2025-09-01,2025-09-07,UTC,USD,GP,Basic,desktop,slide,slide,exact,1.63,6,0,0,0,0,0,0,0,3,1,,,,,
Cartly Slide Cart Drawer,HP - World Wide - 29/08/2025,2025-09-01,2025-09-07,UTC,USD,TW,Basic,desktop,cart drawer,cart drawer,exact,8.03,6,0,0,0,0,0,0,0,4,1,,,,,
Cartly Slide Cart Drawer,HP - World Wide - 29/08/2025,2025-09-01,2025-09-07,UTC,USD,ES,Basic,desktop,cart,cart,exact,5.23,6,0,0,0,0,0,0,0,3.166666,0.315789,,,,,
Cartly Slide Cart Drawer,HP - World Wide - 29/08/2025,2025-09-01,2025-09-07,UTC,USD,IN,Basic,desktop,slide cart,slide cart,exact,3.56,5,0,0,0,0,0,0,0,2.8,0.714285,,,,,
Cartly Slide Cart Drawer,HP - World Wide - 29/08/2025,2025-09-01,2025-09-07,UTC,USD,JP,Basic,desktop,slide,slide,exact,1.63,5,0,0,0,0,0,0,0,2.8,1,,,,,
Cartly Slide Cart Drawer,HP - World Wide - 29/08/2025,2025-09-01,2025-09-07,UTC,USD,DE,Basic,desktop,slide,slide,exact,1.63,5,0,0,0,0,0,0,0,3.6,1,,,,,
Cartly Slide Cart Drawer,HP - World Wide - 29/08/2025,2025-09-01,2025-09-07,UTC,USD,CL,Basic,desktop,slide,slide,exact,1.63,5,0,0,0,0,0,0,0,3,1,,,,,
Cartly Slide Cart Drawer,HP - World Wide - 29/08/2025,2025-09-01,2025-09-07,UTC,USD,GR,Basic,desktop,drawer,drawer,exact,2.53,5,0,0,0,0,0,0,0,2,1,,,,,
Cartly Slide Cart Drawer,HP - World Wide - 29/08/2025,2025-09-01,2025-09-07,UTC,USD,HU,Basic,desktop,cart,cart,exact,5.23,5,0,0,0,0,0,0,0,4,0.294117,,,,,
Cartly Slide Cart Drawer,HP - World Wide - 29/08/2025,2025-09-01,2025-09-07,UTC,USD,PK,Basic,desktop,slide,slide,exact,1.63,4,0,0,0,0,0,0,0,2.75,1,,,,,
Cartly Slide Cart Drawer,HP - World Wide - 29/08/2025,2025-09-01,2025-09-07,UTC,USD,IN,Basic,desktop,mini cart,mini cart,exact,3.33,4,0,0,0,0,0,0,0,3,0.8,,,,,
Cartly Slide Cart Drawer,HP - World Wide - 29/08/2025,2025-09-01,2025-09-07,UTC,USD,ZA,Basic,desktop,slide cart drawer,slide cart drawer,exact,5.23,3,1,0.333333,0,0,2.56,0,2.56,4,1,,,,,
Cartly Slide Cart Drawer,HP - World Wide - 29/08/2025,2025-09-01,2025-09-07,UTC,USD,KE,Basic,desktop,slide cart drawer,slide cart drawer,exact,5.23,3,1,0.333333,1,1,2.56,2.56,2.56,3.333333,1,,,,,
Cartly Slide Cart Drawer,HP - World Wide - 29/08/2025,2025-09-01,2025-09-07,UTC,USD,IN,Basic,desktop,slide,slide,exact,1.63,3,0,0,0,0,0,0,0,2.333333,1,,,,,
Cartly Slide Cart Drawer,HP - World Wide - 29/08/2025,2025-09-01,2025-09-07,UTC,USD,PK,Basic,desktop,cartly,cartly,exact,1.73,3,0,0,0,0,0,0,0,1,1,,,,,
Cartly Slide Cart Drawer,HP - World Wide - 29/08/2025,2025-09-01,2025-09-07,UTC,USD,ZA,Basic,desktop,cart,cart,exact,5.23,3,0,0,0,0,0,0,0,4,1,,,,,
Cartly Slide Cart Drawer,HP - World Wide - 29/08/2025,2025-09-01,2025-09-07,UTC,USD,US,Basic,desktop,cart,cart,exact,5.23,3,0,0,0,0,0,0,0,6.666666,0.023076,,,,,
Cartly Slide Cart Drawer,HP - World Wide - 29/08/2025,2025-09-01,2025-09-07,UTC,USD,TN,Basic,desktop,cart,cart,exact,5.23,3,0,0,0,0,0,0,0,2,1,,,,,
Cartly Slide Cart Drawer,HP - World Wide - 29/08/2025,2025-09-01,2025-09-07,UTC,USD,NZ,Basic,desktop,cart,cart,exact,5.23,3,0,0,0,0,0,0,0,4,0.75,,,,,
Cartly Slide Cart Drawer,HP - World Wide - 29/08/2025,2025-09-01,2025-09-07,UTC,USD,NL,Basic,desktop,cart,cart,exact,5.23,3,1,0.333333,0,0,3.56,0,3.56,6,0.043478,,,,,
Cartly Slide Cart Drawer,HP - World Wide - 29/08/2025,2025-09-01,2025-09-07,UTC,USD,MA,Basic,desktop,cart,cart,exact,5.23,3,0,0,0,0,0,0,0,3,1,,,,,
Cartly Slide Cart Drawer,HP - World Wide - 29/08/2025,2025-09-01,2025-09-07,UTC,USD,DE,Basic,desktop,cart,cart,exact,5.23,3,0,0,0,0,0,0,0,6,0.058823,,,,,
Cartly Slide Cart Drawer,HP - World Wide - 29/08/2025,2025-09-01,2025-09-07,UTC,USD,BR,Basic,desktop,cart,cart,exact,5.23,3,0,0,0,0,0,0,0,4,0.111111,,,,,
Cartly Slide Cart Drawer,HP - World Wide - 29/08/2025,2025-09-01,2025-09-07,UTC,USD,JP,Basic,desktop,upcart,upcart,exact,7.03,2,0,0,0,0,0,0,0,6,0.222222,,,,,
Cartly Slide Cart Drawer,HP - World Wide - 29/08/2025,2025-09-01,2025-09-07,UTC,USD,CL,Basic,desktop,upcart,upcart,exact,7.03,2,0,0,0,0,0,0,0,5,0.4,,,,,
Cartly Slide Cart Drawer,HP - World Wide - 29/08/2025,2025-09-01,2025-09-07,UTC,USD,ES,Basic,desktop,slide cart,slide cart,exact,3.56,2,0,0,0,0,0,0,0,7.5,0.153846,,,,,
Cartly Slide Cart Drawer,HP - World Wide - 29/08/2025,2025-09-01,2025-09-07,UTC,USD,MX,Basic,desktop,slide,slide,exact,1.63,2,1,0.5,0,0,1.56,0,1.56,3,1,,,,,
Cartly Slide Cart Drawer,HP - World Wide - 29/08/2025,2025-09-01,2025-09-07,UTC,USD,CO,Basic,desktop,slide,slide,exact,1.63,2,0,0,0,0,0,0,0,4,1,,,,,
Cartly Slide Cart Drawer,HP - World Wide - 29/08/2025,2025-09-01,2025-09-07,UTC,USD,US,Basic,desktop,drawer,drawer,exact,2.53,2,0,0,0,0,0,0,0,3.5,1,,,,,
Cartly Slide Cart Drawer,HP - World Wide - 29/08/2025,2025-09-01,2025-09-07,UTC,USD,US,Basic,desktop,carty,carty,exact,0.53,2,0,0,0,0,0,0,0,1,1,,,,,
Cartly Slide Cart Drawer,HP - World Wide - 29/08/2025,2025-09-01,2025-09-07,UTC,USD,AU,Basic,desktop,carty,carty,exact,0.53,2,0,0,0,0,0,0,0,1,1,,,,,
Cartly Slide Cart Drawer,HP - World Wide - 29/08/2025,2025-09-01,2025-09-07,UTC,USD,IN,Basic,desktop,cartly,cartly,exact,1.73,2,0,0,0,0,0,0,0,3,1,,,,,
Cartly Slide Cart Drawer,HP - World Wide - 29/08/2025,2025-09-01,2025-09-07,UTC,USD,HU,Basic,desktop,cart slide,cart slide,exact,3.56,2,1,0.5,0,0,3.56,0,3.56,2,1,,,,,
Cartly Slide Cart Drawer,HP - World Wide - 29/08/2025,2025-09-01,2025-09-07,UTC,USD,VN,Basic,desktop,cart,cart,exact,5.23,2,0,0,0,0,0,0,0,3,1,,,,,
Cartly Slide Cart Drawer,HP - World Wide - 29/08/2025,2025-09-01,2025-09-07,UTC,USD,PK,Basic,desktop,cart,cart,exact,5.23,2,0,0,0,0,0,0,0,2,1,,,,,
Cartly Slide Cart Drawer,HP - World Wide - 29/08/2025,2025-09-01,2025-09-07,UTC,USD,NG,Basic,desktop,cart,cart,exact,5.23,2,0,0,0,0,0,0,0,3,1,,,,,
Cartly Slide Cart Drawer,HP - World Wide - 29/08/2025,2025-09-01,2025-09-07,UTC,USD,CN,Basic,desktop,cart,cart,exact,5.23,2,0,0,0,0,0,0,0,4,0.666666,,,,,
Cartly Slide Cart Drawer,HP - World Wide - 29/08/2025,2025-09-01,2025-09-07,UTC,USD,VN,Basic,desktop,upcart,upcart,exact,7.03,1,0,0,0,0,0,0,0,4,0.5,,,,,
Cartly Slide Cart Drawer,HP - World Wide - 29/08/2025,2025-09-01,2025-09-07,UTC,USD,SI,Basic,desktop,upcart,upcart,exact,7.03,1,0,0,0,0,0,0,0,7,0.2,,,,,
Cartly Slide Cart Drawer,HP - World Wide - 29/08/2025,2025-09-01,2025-09-07,UTC,USD,IN,Basic,desktop,upcart,upcart,exact,7.03,1,0,0,0,0,0,0,0,3,0.125,,,,,
Cartly Slide Cart Drawer,HP - World Wide - 29/08/2025,2025-09-01,2025-09-07,UTC,USD,GB,Basic,desktop,upcart,upcart,exact,7.03,1,0,0,0,0,0,0,0,4,0.071428,,,,,
Cartly Slide Cart Drawer,HP - World Wide - 29/08/2025,2025-09-01,2025-09-07,UTC,USD,ES,Basic,desktop,upcart,upcart,exact,7.03,1,0,0,0,0,0,0,0,7,0.125,,,,,
Cartly Slide Cart Drawer,HP - World Wide - 29/08/2025,2025-09-01,2025-09-07,UTC,USD,BR,Basic,desktop,slide cart drawer,slide cart drawer,exact,5.23,1,0,0,0,0,0,0,0,4,0.333333,,,,,
Cartly Slide Cart Drawer,HP - World Wide - 29/08/2025,2025-09-01,2025-09-07,UTC,USD,PK,Basic,desktop,slide cart,slide cart,exact,3.56,1,0,0,0,0,0,0,0,4,1,,,,,
Cartly Slide Cart Drawer,HP - World Wide - 29/08/2025,2025-09-01,2025-09-07,UTC,USD,GB,Basic,desktop,slide cart,slide cart,exact,3.56,1,0,0,0,0,0,0,0,7,0.2,,,,,
Cartly Slide Cart Drawer,HP - World Wide - 29/08/2025,2025-09-01,2025-09-07,UTC,USD,RO,Basic,desktop,slide,slide,exact,1.63,1,0,0,0,0,0,0,0,3,1,,,,,
Cartly Slide Cart Drawer,HP - World Wide - 29/08/2025,2025-09-01,2025-09-07,UTC,USD,PT,Basic,desktop,slide,slide,exact,1.63,1,0,0,0,0,0,0,0,3,1,,,,,
Cartly Slide Cart Drawer,HP - World Wide - 29/08/2025,2025-09-01,2025-09-07,UTC,USD,MU,Basic,desktop,slide,slide,exact,1.63,1,0,0,0,0,0,0,0,4,1,,,,,
Cartly Slide Cart Drawer,HP - World Wide - 29/08/2025,2025-09-01,2025-09-07,UTC,USD,HK,Basic,desktop,slide,slide,exact,1.63,1,0,0,0,0,0,0,0,4,1,,,,,
Cartly Slide Cart Drawer,HP - World Wide - 29/08/2025,2025-09-01,2025-09-07,UTC,USD,GB,Basic,desktop,slide,slide,exact,1.63,1,0,0,0,0,0,0,0,3,1,,,,,
Cartly Slide Cart Drawer,HP - World Wide - 29/08/2025,2025-09-01,2025-09-07,UTC,USD,FR,Basic,desktop,slide,slide,exact,1.63,1,0,0,0,0,0,0,0,4,0.5,,,,,
Cartly Slide Cart Drawer,HP - World Wide - 29/08/2025,2025-09-01,2025-09-07,UTC,USD,BE,Basic,desktop,slide,slide,exact,1.63,1,0,0,0,0,0,0,0,3,1,,,,,
Cartly Slide Cart Drawer,HP - World Wide - 29/08/2025,2025-09-01,2025-09-07,UTC,USD,DE,Basic,desktop,carty,carty,exact,0.53,1,1,1,1,1,1.06,1.06,1.06,1,1,,,,,
Cartly Slide Cart Drawer,HP - World Wide - 29/08/2025,2025-09-01,2025-09-07,UTC,USD,FR,Basic,desktop,cartly,cartly,exact,1.73,1,0,0,0,0,0,0,0,3,1,,,,,
Cartly Slide Cart Drawer,HP - World Wide - 29/08/2025,2025-09-01,2025-09-07,UTC,USD,AE,Basic,desktop,cartly,cartly,exact,1.73,1,0,0,0,0,0,0,0,3,1,,,,,
Cartly Slide Cart Drawer,HP - World Wide - 29/08/2025,2025-09-01,2025-09-07,UTC,USD,BR,Basic,desktop,cart drawer,cart drawer,exact,8.03,1,1,1,1,1,2.56,2.56,2.56,6,0.2,,,,,
Cartly Slide Cart Drawer,HP - World Wide - 29/08/2025,2025-09-01,2025-09-07,UTC,USD,TT,Basic,desktop,cart,cart,exact,5.23,1,0,0,0,0,0,0,0,4,1,,,,,
Cartly Slide Cart Drawer,HP - World Wide - 29/08/2025,2025-09-01,2025-09-07,UTC,USD,PT,Basic,desktop,cart,cart,exact,5.23,1,0,0,0,0,0,0,0,4,0.142857,,,,,
Cartly Slide Cart Drawer,HP - World Wide - 29/08/2025,2025-09-01,2025-09-07,UTC,USD,PS,Basic,desktop,cart,cart,exact,5.23,1,0,0,0,0,0,0,0,3,1,,,,,
Cartly Slide Cart Drawer,HP - World Wide - 29/08/2025,2025-09-01,2025-09-07,UTC,USD,PL,Basic,desktop,cart,cart,exact,5.23,1,0,0,0,0,0,0,0,3,0.25,,,,,
Cartly Slide Cart Drawer,HP - World Wide - 29/08/2025,2025-09-01,2025-09-07,UTC,USD,MY,Basic,desktop,cart,cart,exact,5.23,1,0,0,0,0,0,0,0,3,1,,,,,
Cartly Slide Cart Drawer,HP - World Wide - 29/08/2025,2025-09-01,2025-09-07,UTC,USD,LB,Basic,desktop,cart,cart,exact,5.23,1,0,0,0,0,0,0,0,3,1,,,,,
Cartly Slide Cart Drawer,HP - World Wide - 29/08/2025,2025-09-01,2025-09-07,UTC,USD,IT,Basic,desktop,cart,cart,exact,5.23,1,0,0,0,0,0,0,0,4,0.066666,,,,,
Cartly Slide Cart Drawer,HP - World Wide - 29/08/2025,2025-09-01,2025-09-07,UTC,USD,GH,Basic,desktop,cart,cart,exact,5.23,1,0,0,0,0,0,0,0,3,1,,,,,
Cartly Slide Cart Drawer,HP - World Wide - 29/08/2025,2025-09-01,2025-09-07,UTC,USD,GB,Basic,desktop,cart,cart,exact,5.23,1,0,0,0,0,0,0,0,7,0.017857,,,,,
Cartly Slide Cart Drawer,HP - World Wide - 29/08/2025,2025-09-01,2025-09-07,UTC,USD,FR,Basic,desktop,cart,cart,exact,5.23,1,0,0,0,0,0,0,0,6,0.026315,,,,,
Cartly Slide Cart Drawer,HP - World Wide - 29/08/2025,2025-09-01,2025-09-07,UTC,USD,DZ,Basic,desktop,cart,cart,exact,5.23,1,0,0,0,0,0,0,0,3,1,,,,,
Cartly Slide Cart Drawer,HP - World Wide - 29/08/2025,2025-09-01,2025-09-07,UTC,USD,CO,Basic,desktop,cart,cart,exact,5.23,1,0,0,0,0,0,0,0,3,1,,,,,
Cartly Slide Cart Drawer,HP - World Wide - 29/08/2025,2025-09-01,2025-09-07,UTC,USD,CA,Basic,desktop,cart,cart,exact,5.23,1,0,0,0,0,0,0,0,7,0.090909,,,,,
Cartly Slide Cart Drawer,HP - World Wide - 29/08/2025,2025-09-01,2025-09-07,UTC,USD,BD,Basic,desktop,cart,cart,exact,5.23,1,0,0,0,0,0,0,0,3,1,,,,,
Cartly Slide Cart Drawer,HP - World Wide - 29/08/2025,2025-09-01,2025-09-07,UTC,USD,AU,Basic,desktop,cart,cart,exact,5.23,1,0,0,0,0,0,0,0,4,0.034482,,,,,
Cartly Slide Cart Drawer,HP - World Wide - 29/08/2025,2025-09-01,2025-09-07,UTC,USD,ZA,Basic,desktop,upcart,upcart,exact,7.03,0,0,0,0,0,0,0,0,0,0,,,,,
Cartly Slide Cart Drawer,HP - World Wide - 29/08/2025,2025-09-01,2025-09-07,UTC,USD,US,Basic,desktop,upcart,upcart,exact,7.03,0,0,0,0,0,0,0,0,0,0,,,,,
Cartly Slide Cart Drawer,HP - World Wide - 29/08/2025,2025-09-01,2025-09-07,UTC,USD,TR,Basic,desktop,upcart,upcart,exact,7.03,0,0,0,0,0,0,0,0,0,0,,,,,
Cartly Slide Cart Drawer,HP - World Wide - 29/08/2025,2025-09-01,2025-09-07,UTC,USD,SE,Basic,desktop,upcart,upcart,exact,7.03,0,0,0,0,0,0,0,0,0,0,,,,,
Cartly Slide Cart Drawer,HP - World Wide - 29/08/2025,2025-09-01,2025-09-07,UTC,USD,PT,Basic,desktop,upcart,upcart,exact,7.03,0,0,0,0,0,0,0,0,0,0,,,,,
Cartly Slide Cart Drawer,HP - World Wide - 29/08/2025,2025-09-01,2025-09-07,UTC,USD,PL,Basic,desktop,upcart,upcart,exact,7.03,0,0,0,0,0,0,0,0,0,0,,,,,
Cartly Slide Cart Drawer,HP - World Wide - 29/08/2025,2025-09-01,2025-09-07,UTC,USD,PK,Basic,desktop,upcart,upcart,exact,7.03,0,0,0,0,0,0,0,0,0,0,,,,,
Cartly Slide Cart Drawer,HP - World Wide - 29/08/2025,2025-09-01,2025-09-07,UTC,USD,PE,Basic,desktop,upcart,upcart,exact,7.03,0,0,0,0,0,0,0,0,0,0,,,,,
Cartly Slide Cart Drawer,HP - World Wide - 29/08/2025,2025-09-01,2025-09-07,UTC,USD,NZ,Basic,desktop,upcart,upcart,exact,7.03,0,0,0,0,0,0,0,0,0,0,,,,,
Cartly Slide Cart Drawer,HP - World Wide - 29/08/2025,2025-09-01,2025-09-07,UTC,USD,NO,Basic,desktop,upcart,upcart,exact,7.03,0,0,0,0,0,0,0,0,0,0,,,,,
Cartly Slide Cart Drawer,HP - World Wide - 29/08/2025,2025-09-01,2025-09-07,UTC,USD,NL,Basic,desktop,upcart,upcart,exact,7.03,0,0,0,0,0,0,0,0,0,0,,,,,
Cartly Slide Cart Drawer,HP - World Wide - 29/08/2025,2025-09-01,2025-09-07,UTC,USD,MX,Basic,desktop,upcart,upcart,exact,7.03,0,0,0,0,0,0,0,0,0,0,,,,,
Cartly Slide Cart Drawer,HP - World Wide - 29/08/2025,2025-09-01,2025-09-07,UTC,USD,MA,Basic,desktop,upcart,upcart,exact,7.03,0,0,0,0,0,0,0,0,0,0,,,,,
Cartly Slide Cart Drawer,HP - World Wide - 29/08/2025,2025-09-01,2025-09-07,UTC,USD,LV,Basic,desktop,upcart,upcart,exact,7.03,0,0,0,0,0,0,0,0,0,0,,,,,
Cartly Slide Cart Drawer,HP - World Wide - 29/08/2025,2025-09-01,2025-09-07,UTC,USD,IT,Basic,desktop,upcart,upcart,exact,7.03,0,0,0,0,0,0,0,0,0,0,,,,,
Cartly Slide Cart Drawer,HP - World Wide - 29/08/2025,2025-09-01,2025-09-07,UTC,USD,IE,Basic,desktop,upcart,upcart,exact,7.03,0,0,0,0,0,0,0,0,0,0,,,,,
Cartly Slide Cart Drawer,HP - World Wide - 29/08/2025,2025-09-01,2025-09-07,UTC,USD,HU,Basic,desktop,upcart,upcart,exact,7.03,0,0,0,0,0,0,0,0,0,0,,,,,
Cartly Slide Cart Drawer,HP - World Wide - 29/08/2025,2025-09-01,2025-09-07,UTC,USD,GR,Basic,desktop,upcart,upcart,exact,7.03,0,0,0,0,0,0,0,0,0,0,,,,,
Cartly Slide Cart Drawer,HP - World Wide - 29/08/2025,2025-09-01,2025-09-07,UTC,USD,FR,Basic,desktop,upcart,upcart,exact,7.03,0,0,0,0,0,0,0,0,0,0,,,,,
Cartly Slide Cart Drawer,HP - World Wide - 29/08/2025,2025-09-01,2025-09-07,UTC,USD,EG,Basic,desktop,upcart,upcart,exact,7.03,0,0,0,0,0,0,0,0,0,0,,,,,
Cartly Slide Cart Drawer,HP - World Wide - 29/08/2025,2025-09-01,2025-09-07,UTC,USD,EE,Basic,desktop,upcart,upcart,exact,7.03,0,0,0,0,0,0,0,0,0,0,,,,,
Cartly Slide Cart Drawer,HP - World Wide - 29/08/2025,2025-09-01,2025-09-07,UTC,USD,DK,Basic,desktop,upcart,upcart,exact,7.03,0,0,0,0,0,0,0,0,0,0,,,,,
Cartly Slide Cart Drawer,HP - World Wide - 29/08/2025,2025-09-01,2025-09-07,UTC,USD,DE,Basic,desktop,upcart,upcart,exact,7.03,0,0,0,0,0,0,0,0,0,0,,,,,
Cartly Slide Cart Drawer,HP - World Wide - 29/08/2025,2025-09-01,2025-09-07,UTC,USD,CY,Basic,desktop,upcart,upcart,exact,7.03,0,0,0,0,0,0,0,0,0,0,,,,,
Cartly Slide Cart Drawer,HP - World Wide - 29/08/2025,2025-09-01,2025-09-07,UTC,USD,CR,Basic,desktop,upcart,upcart,exact,7.03,0,0,0,0,0,0,0,0,0,0,,,,,
Cartly Slide Cart Drawer,HP - World Wide - 29/08/2025,2025-09-01,2025-09-07,UTC,USD,CO,Basic,desktop,upcart,upcart,exact,7.03,0,0,0,0,0,0,0,0,0,0,,,,,
Cartly Slide Cart Drawer,HP - World Wide - 29/08/2025,2025-09-01,2025-09-07,UTC,USD,CH,Basic,desktop,upcart,upcart,exact,7.03,0,0,0,0,0,0,0,0,0,0,,,,,
Cartly Slide Cart Drawer,HP - World Wide - 29/08/2025,2025-09-01,2025-09-07,UTC,USD,CA,Basic,desktop,upcart,upcart,exact,7.03,0,0,0,0,0,0,0,0,0,0,,,,,
Cartly Slide Cart Drawer,HP - World Wide - 29/08/2025,2025-09-01,2025-09-07,UTC,USD,BR,Basic,desktop,upcart,upcart,exact,7.03,0,0,0,0,0,0,0,0,0,0,,,,,
Cartly Slide Cart Drawer,HP - World Wide - 29/08/2025,2025-09-01,2025-09-07,UTC,USD,BE,Basic,desktop,upcart,upcart,exact,7.03,0,0,0,0,0,0,0,0,0,0,,,,,
Cartly Slide Cart Drawer,HP - World Wide - 29/08/2025,2025-09-01,2025-09-07,UTC,USD,AU,Basic,desktop,upcart,upcart,exact,7.03,0,0,0,0,0,0,0,0,0,0,,,,,
Cartly Slide Cart Drawer,HP - World Wide - 29/08/2025,2025-09-01,2025-09-07,UTC,USD,AT,Basic,desktop,upcart,upcart,exact,7.03,0,0,0,0,0,0,0,0,0,0,,,,,
Cartly Slide Cart Drawer,HP - World Wide - 29/08/2025,2025-09-01,2025-09-07,UTC,USD,AR,Basic,desktop,upcart,upcart,exact,7.03,0,0,0,0,0,0,0,0,0,0,,,,,
Cartly Slide Cart Drawer,HP - World Wide - 29/08/2025,2025-09-01,2025-09-07,UTC,USD,AE,Basic,desktop,upcart,upcart,exact,7.03,0,0,0,0,0,0,0,0,0,0,,,,,
Cartly Slide Cart Drawer,HP - World Wide - 29/08/2025,2025-09-01,2025-09-07,UTC,USD,US,Basic,desktop,slide cart drawer,slide cart drawer,exact,5.23,0,0,0,0,0,0,0,0,0,0,,,,,
Cartly Slide Cart Drawer,HP - World Wide - 29/08/2025,2025-09-01,2025-09-07,UTC,USD,NL,Basic,desktop,slide cart drawer,slide cart drawer,exact,5.23,0,0,0,0,0,0,0,0,0,0,,,,,
Cartly Slide Cart Drawer,HP - World Wide - 29/08/2025,2025-09-01,2025-09-07,UTC,USD,LT,Basic,desktop,slide cart drawer,slide cart drawer,exact,5.23,0,0,0,0,0,0,0,0,0,0,,,,,
Cartly Slide Cart Drawer,HP - World Wide - 29/08/2025,2025-09-01,2025-09-07,UTC,USD,IL,Basic,desktop,slide cart drawer,slide cart drawer,exact,5.23,0,0,0,0,0,0,0,0,0,0,,,,,
Cartly Slide Cart Drawer,HP - World Wide - 29/08/2025,2025-09-01,2025-09-07,UTC,USD,IE,Basic,desktop,slide cart drawer,slide cart drawer,exact,5.23,0,0,0,0,0,0,0,0,0,0,,,,,
Cartly Slide Cart Drawer,HP - World Wide - 29/08/2025,2025-09-01,2025-09-07,UTC,USD,ID,Basic,desktop,slide cart drawer,slide cart drawer,exact,5.23,0,0,0,0,0,0,0,0,0,0,,,,,
Cartly Slide Cart Drawer,HP - World Wide - 29/08/2025,2025-09-01,2025-09-07,UTC,USD,HU,Basic,desktop,slide cart drawer,slide cart drawer,exact,5.23,0,0,0,0,0,0,0,0,0,0,,,,,
Cartly Slide Cart Drawer,HP - World Wide - 29/08/2025,2025-09-01,2025-09-07,UTC,USD,FR,Basic,desktop,slide cart drawer,slide cart drawer,exact,5.23,0,0,0,0,0,0,0,0,0,0,,,,,
Cartly Slide Cart Drawer,HP - World Wide - 29/08/2025,2025-09-01,2025-09-07,UTC,USD,ES,Basic,desktop,slide cart drawer,slide cart drawer,exact,5.23,0,0,0,0,0,0,0,0,0,0,,,,,
Cartly Slide Cart Drawer,HP - World Wide - 29/08/2025,2025-09-01,2025-09-07,UTC,USD,DE,Basic,desktop,slide cart drawer,slide cart drawer,exact,5.23,0,0,0,0,0,0,0,0,0,0,,,,,
Cartly Slide Cart Drawer,HP - World Wide - 29/08/2025,2025-09-01,2025-09-07,UTC,USD,CO,Basic,desktop,slide cart drawer,slide cart drawer,exact,5.23,0,0,0,0,0,0,0,0,0,0,,,,,
Cartly Slide Cart Drawer,HP - World Wide - 29/08/2025,2025-09-01,2025-09-07,UTC,USD,CL,Basic,desktop,slide cart drawer,slide cart drawer,exact,5.23,0,0,0,0,0,0,0,0,0,0,,,,,
Cartly Slide Cart Drawer,HP - World Wide - 29/08/2025,2025-09-01,2025-09-07,UTC,USD,CA,Basic,desktop,slide cart drawer,slide cart drawer,exact,5.23,0,0,0,0,0,0,0,0,0,0,,,,,
Cartly Slide Cart Drawer,HP - World Wide - 29/08/2025,2025-09-01,2025-09-07,UTC,USD,BD,Basic,desktop,slide cart drawer,slide cart drawer,exact,5.23,0,0,0,0,0,0,0,0,0,0,,,,,
Cartly Slide Cart Drawer,HP - World Wide - 29/08/2025,2025-09-01,2025-09-07,UTC,USD,AU,Basic,desktop,slide cart drawer,slide cart drawer,exact,5.23,0,0,0,0,0,0,0,0,0,0,,,,,
Cartly Slide Cart Drawer,HP - World Wide - 29/08/2025,2025-09-01,2025-09-07,UTC,USD,US,Basic,desktop,slide cart,slide cart,exact,3.56,0,0,0,0,0,0,0,0,0,0,,,,,
Cartly Slide Cart Drawer,HP - World Wide - 29/08/2025,2025-09-01,2025-09-07,UTC,USD,TR,Basic,desktop,slide cart,slide cart,exact,3.56,0,0,0,0,0,0,0,0,0,0,,,,,
Cartly Slide Cart Drawer,HP - World Wide - 29/08/2025,2025-09-01,2025-09-07,UTC,USD,SE,Basic,desktop,slide cart,slide cart,exact,3.56,0,0,0,0,0,0,0,0,0,0,,,,,
Cartly Slide Cart Drawer,HP - World Wide - 29/08/2025,2025-09-01,2025-09-07,UTC,USD,NZ,Basic,desktop,slide cart,slide cart,exact,3.56,0,0,0,0,0,0,0,0,0,0,,,,,
Cartly Slide Cart Drawer,HP - World Wide - 29/08/2025,2025-09-01,2025-09-07,UTC,USD,NL,Basic,desktop,slide cart,slide cart,exact,3.56,0,0,0,0,0,0,0,0,0,0,,,,,
Cartly Slide Cart Drawer,HP - World Wide - 29/08/2025,2025-09-01,2025-09-07,UTC,USD,MD,Basic,desktop,slide cart,slide cart,exact,3.56,0,0,0,0,0,0,0,0,0,0,,,,,
Cartly Slide Cart Drawer,HP - World Wide - 29/08/2025,2025-09-01,2025-09-07,UTC,USD,IT,Basic,desktop,slide cart,slide cart,exact,3.56,0,0,0,0,0,0,0,0,0,0,,,,,
Cartly Slide Cart Drawer,HP - World Wide - 29/08/2025,2025-09-01,2025-09-07,UTC,USD,HU,Basic,desktop,slide cart,slide cart,exact,3.56,0,0,0,0,0,0,0,0,0,0,,,,,
Cartly Slide Cart Drawer,HP - World Wide - 29/08/2025,2025-09-01,2025-09-07,UTC,USD,HK,Basic,desktop,slide cart,slide cart,exact,3.56,0,0,0,0,0,0,0,0,0,0,,,,,
Cartly Slide Cart Drawer,HP - World Wide - 29/08/2025,2025-09-01,2025-09-07,UTC,USD,FR,Basic,desktop,slide cart,slide cart,exact,3.56,0,0,0,0,0,0,0,0,0,0,,,,,
Cartly Slide Cart Drawer,HP - World Wide - 29/08/2025,2025-09-01,2025-09-07,UTC,USD,EE,Basic,desktop,slide cart,slide cart,exact,3.56,0,0,0,0,0,0,0,0,0,0,,,,,
Cartly Slide Cart Drawer,HP - World Wide - 29/08/2025,2025-09-01,2025-09-07,UTC,USD,DE,Basic,desktop,slide cart,slide cart,exact,3.56,0,0,0,0,0,0,0,0,0,0,,,,,
Cartly Slide Cart Drawer,HP - World Wide - 29/08/2025,2025-09-01,2025-09-07,UTC,USD,CY,Basic,desktop,slide cart,slide cart,exact,3.56,0,0,0,0,0,0,0,0,0,0,,,,,
Cartly Slide Cart Drawer,HP - World Wide - 29/08/2025,2025-09-01,2025-09-07,UTC,USD,CA,Basic,desktop,slide cart,slide cart,exact,3.56,0,0,0,0,0,0,0,0,0,0,,,,,
Cartly Slide Cart Drawer,HP - World Wide - 29/08/2025,2025-09-01,2025-09-07,UTC,USD,BG,Basic,desktop,slide cart,slide cart,exact,3.56,0,0,0,0,0,0,0,0,0,0,,,,,
Cartly Slide Cart Drawer,HP - World Wide - 29/08/2025,2025-09-01,2025-09-07,UTC,USD,BE,Basic,desktop,slide cart,slide cart,exact,3.56,0,0,0,0,0,0,0,0,0,0,,,,,
Cartly Slide Cart Drawer,HP - World Wide - 29/08/2025,2025-09-01,2025-09-07,UTC,USD,AU,Basic,desktop,slide cart,slide cart,exact,3.56,0,0,0,0,0,0,0,0,0,0,,,,,
Cartly Slide Cart Drawer,HP - World Wide - 29/08/2025,2025-09-01,2025-09-07,UTC,USD,TR,Basic,desktop,slide,slide,exact,1.63,0,0,0,0,0,0,0,0,0,0,,,,,
Cartly Slide Cart Drawer,HP - World Wide - 29/08/2025,2025-09-01,2025-09-07,UTC,USD,IT,Basic,desktop,slide,slide,exact,1.63,0,0,0,0,0,0,0,0,0,0,,,,,
Cartly Slide Cart Drawer,HP - World Wide - 29/08/2025,2025-09-01,2025-09-07,UTC,USD,BR,Basic,desktop,slide,slide,exact,1.63,0,0,0,0,0,0,0,0,0,0,,,,,
Cartly Slide Cart Drawer,HP - World Wide - 29/08/2025,2025-09-01,2025-09-07,UTC,USD,US,Basic,desktop,side cart,side cart,exact,4.53,0,0,0,0,0,0,0,0,0,0,,,,,
Cartly Slide Cart Drawer,HP - World Wide - 29/08/2025,2025-09-01,2025-09-07,UTC,USD,NL,Basic,desktop,side cart,side cart,exact,4.53,0,0,0,0,0,0,0,0,0,0,,,,,
Cartly Slide Cart Drawer,HP - World Wide - 29/08/2025,2025-09-01,2025-09-07,UTC,USD,IN,Basic,desktop,side cart,side cart,exact,4.53,0,0,0,0,0,0,0,0,0,0,,,,,
Cartly Slide Cart Drawer,HP - World Wide - 29/08/2025,2025-09-01,2025-09-07,UTC,USD,DE,Basic,desktop,side cart,side cart,exact,4.53,0,0,0,0,0,0,0,0,0,0,,,,,
Cartly Slide Cart Drawer,HP - World Wide - 29/08/2025,2025-09-01,2025-09-07,UTC,USD,FR,Basic,desktop,mini cart,mini cart,exact,3.33,0,0,0,0,0,0,0,0,0,0,,,,,
Cartly Slide Cart Drawer,HP - World Wide - 29/08/2025,2025-09-01,2025-09-07,UTC,USD,ES,Basic,desktop,mini cart,mini cart,exact,3.33,0,0,0,0,0,0,0,0,0,0,,,,,
Cartly Slide Cart Drawer,HP - World Wide - 29/08/2025,2025-09-01,2025-09-07,UTC,USD,IN,Basic,desktop,floating cart,floating cart,exact,2.56,0,0,0,0,0,0,0,0,0,0,,,,,
Cartly Slide Cart Drawer,HP - World Wide - 29/08/2025,2025-09-01,2025-09-07,UTC,USD,BR,Basic,desktop,floating cart,floating cart,exact,2.56,0,0,0,0,0,0,0,0,0,0,,,,,
Cartly Slide Cart Drawer,HP - World Wide - 29/08/2025,2025-09-01,2025-09-07,UTC,USD,AU,Basic,desktop,floating cart,floating cart,exact,2.56,0,0,0,0,0,0,0,0,0,0,,,,,
Cartly Slide Cart Drawer,HP - World Wide - 29/08/2025,2025-09-01,2025-09-07,UTC,USD,IN,Basic,desktop,drawer,drawer,exact,2.53,0,0,0,0,0,0,0,0,0,0,,,,,
Cartly Slide Cart Drawer,HP - World Wide - 29/08/2025,2025-09-01,2025-09-07,UTC,USD,HU,Basic,desktop,drawer,drawer,exact,2.53,0,0,0,0,0,0,0,0,0,0,,,,,
Cartly Slide Cart Drawer,HP - World Wide - 29/08/2025,2025-09-01,2025-09-07,UTC,USD,FR,Basic,desktop,drawer,drawer,exact,2.53,0,0,0,0,0,0,0,0,0,0,,,,,
Cartly Slide Cart Drawer,HP - World Wide - 29/08/2025,2025-09-01,2025-09-07,UTC,USD,AU,Basic,desktop,drawer,drawer,exact,2.53,0,0,0,0,0,0,0,0,0,0,,,,,
Cartly Slide Cart Drawer,HP - World Wide - 29/08/2025,2025-09-01,2025-09-07,UTC,USD,US,Basic,desktop,cartly,cartly,exact,1.73,0,0,0,0,0,0,0,0,0,0,,,,,
Cartly Slide Cart Drawer,HP - World Wide - 29/08/2025,2025-09-01,2025-09-07,UTC,USD,IN,Basic,desktop,cart slide,cart slide,exact,3.56,0,0,0,0,0,0,0,0,0,0,,,,,
Cartly Slide Cart Drawer,HP - World Wide - 29/08/2025,2025-09-01,2025-09-07,UTC,USD,US,Basic,desktop,cart page,cart page,exact,1.56,0,0,0,0,0,0,0,0,0,0,,,,,
Cartly Slide Cart Drawer,HP - World Wide - 29/08/2025,2025-09-01,2025-09-07,UTC,USD,IN,Basic,desktop,cart page,cart page,exact,1.56,0,0,0,0,0,0,0,0,0,0,,,,,
Cartly Slide Cart Drawer,HP - World Wide - 29/08/2025,2025-09-01,2025-09-07,UTC,USD,GB,Basic,desktop,cart page,cart page,exact,1.56,0,0,0,0,0,0,0,0,0,0,,,,,
Cartly Slide Cart Drawer,HP - World Wide - 29/08/2025,2025-09-01,2025-09-07,UTC,USD,DE,Basic,desktop,cart page,cart page,exact,1.56,0,0,0,0,0,0,0,0,0,0,,,,,
Cartly Slide Cart Drawer,HP - World Wide - 29/08/2025,2025-09-01,2025-09-07,UTC,USD,ZA,Basic,desktop,cart drawer,cart drawer,exact,8.03,0,0,0,0,0,0,0,0,0,0,,,,,
Cartly Slide Cart Drawer,HP - World Wide - 29/08/2025,2025-09-01,2025-09-07,UTC,USD,US,Basic,desktop,cart drawer,cart drawer,exact,8.03,0,0,0,0,0,0,0,0,0,0,,,,,
Cartly Slide Cart Drawer,HP - World Wide - 29/08/2025,2025-09-01,2025-09-07,UTC,USD,TR,Basic,desktop,cart drawer,cart drawer,exact,8.03,0,0,0,0,0,0,0,0,0,0,,,,,
Cartly Slide Cart Drawer,HP - World Wide - 29/08/2025,2025-09-01,2025-09-07,UTC,USD,SE,Basic,desktop,cart drawer,cart drawer,exact,8.03,0,0,0,0,0,0,0,0,0,0,,,,,
Cartly Slide Cart Drawer,HP - World Wide - 29/08/2025,2025-09-01,2025-09-07,UTC,USD,RS,Basic,desktop,cart drawer,cart drawer,exact,8.03,0,0,0,0,0,0,0,0,0,0,,,,,
Cartly Slide Cart Drawer,HP - World Wide - 29/08/2025,2025-09-01,2025-09-07,UTC,USD,RO,Basic,desktop,cart drawer,cart drawer,exact,8.03,0,0,0,0,0,0,0,0,0,0,,,,,
Cartly Slide Cart Drawer,HP - World Wide - 29/08/2025,2025-09-01,2025-09-07,UTC,USD,PT,Basic,desktop,cart drawer,cart drawer,exact,8.03,0,0,0,0,0,0,0,0,0,0,,,,,
Cartly Slide Cart Drawer,HP - World Wide - 29/08/2025,2025-09-01,2025-09-07,UTC,USD,PK,Basic,desktop,cart drawer,cart drawer,exact,8.03,0,0,0,0,0,0,0,0,0,0,,,,,
Cartly Slide Cart Drawer,HP - World Wide - 29/08/2025,2025-09-01,2025-09-07,UTC,USD,NL,Basic,desktop,cart drawer,cart drawer,exact,8.03,0,0,0,0,0,0,0,0,0,0,,,,,
Cartly Slide Cart Drawer,HP - World Wide - 29/08/2025,2025-09-01,2025-09-07,UTC,USD,MA,Basic,desktop,cart drawer,cart drawer,exact,8.03,0,0,0,0,0,0,0,0,0,0,,,,,
Cartly Slide Cart Drawer,HP - World Wide - 29/08/2025,2025-09-01,2025-09-07,UTC,USD,LT,Basic,desktop,cart drawer,cart drawer,exact,8.03,0,0,0,0,0,0,0,0,0,0,,,,,
Cartly Slide Cart Drawer,HP - World Wide - 29/08/2025,2025-09-01,2025-09-07,UTC,USD,IT,Basic,desktop,cart drawer,cart drawer,exact,8.03,0,0,0,0,0,0,0,0,0,0,,,,,
Cartly Slide Cart Drawer,HP - World Wide - 29/08/2025,2025-09-01,2025-09-07,UTC,USD,HU,Basic,desktop,cart drawer,cart drawer,exact,8.03,0,0,0,0,0,0,0,0,0,0,,,,,
Cartly Slide Cart Drawer,HP - World Wide - 29/08/2025,2025-09-01,2025-09-07,UTC,USD,HK,Basic,desktop,cart drawer,cart drawer,exact,8.03,0,0,0,0,0,0,0,0,0,0,,,,,
Cartly Slide Cart Drawer,HP - World Wide - 29/08/2025,2025-09-01,2025-09-07,UTC,USD,GB,Basic,desktop,cart drawer,cart drawer,exact,8.03,0,0,0,0,0,0,0,0,0,0,,,,,
Cartly Slide Cart Drawer,HP - World Wide - 29/08/2025,2025-09-01,2025-09-07,UTC,USD,FR,Basic,desktop,cart drawer,cart drawer,exact,8.03,0,0,0,0,0,0,0,0,0,0,,,,,
Cartly Slide Cart Drawer,HP - World Wide - 29/08/2025,2025-09-01,2025-09-07,UTC,USD,EG,Basic,desktop,cart drawer,cart drawer,exact,8.03,0,0,0,0,0,0,0,0,0,0,,,,,
Cartly Slide Cart Drawer,HP - World Wide - 29/08/2025,2025-09-01,2025-09-07,UTC,USD,DZ,Basic,desktop,cart drawer,cart drawer,exact,8.03,0,0,0,0,0,0,0,0,0,0,,,,,
Cartly Slide Cart Drawer,HP - World Wide - 29/08/2025,2025-09-01,2025-09-07,UTC,USD,DE,Basic,desktop,cart drawer,cart drawer,exact,8.03,0,0,0,0,0,0,0,0,0,0,,,,,
Cartly Slide Cart Drawer,HP - World Wide - 29/08/2025,2025-09-01,2025-09-07,UTC,USD,CH,Basic,desktop,cart drawer,cart drawer,exact,8.03,0,0,0,0,0,0,0,0,0,0,,,,,
Cartly Slide Cart Drawer,HP - World Wide - 29/08/2025,2025-09-01,2025-09-07,UTC,USD,CA,Basic,desktop,cart drawer,cart drawer,exact,8.03,0,0,0,0,0,0,0,0,0,0,,,,,
Cartly Slide Cart Drawer,HP - World Wide - 29/08/2025,2025-09-01,2025-09-07,UTC,USD,BG,Basic,desktop,cart drawer,cart drawer,exact,8.03,0,0,0,0,0,0,0,0,0,0,,,,,
Cartly Slide Cart Drawer,HP - World Wide - 29/08/2025,2025-09-01,2025-09-07,UTC,USD,BE,Basic,desktop,cart drawer,cart drawer,exact,8.03,0,0,0,0,0,0,0,0,0,0,,,,,
Cartly Slide Cart Drawer,HP - World Wide - 29/08/2025,2025-09-01,2025-09-07,UTC,USD,AU,Basic,desktop,cart drawer,cart drawer,exact,8.03,0,0,0,0,0,0,0,0,0,0,,,,,
Cartly Slide Cart Drawer,HP - World Wide - 29/08/2025,2025-09-01,2025-09-07,UTC,USD,AT,Basic,desktop,cart drawer,cart drawer,exact,8.03,0,0,0,0,0,0,0,0,0,0,,,,,
Cartly Slide Cart Drawer,HP - World Wide - 29/08/2025,2025-09-01,2025-09-07,UTC,USD,AE,Basic,desktop,cart drawer,cart drawer,exact,8.03,0,0,0,0,0,0,0,0,0,0,,,,,
Cartly Slide Cart Drawer,HP - World Wide - 29/08/2025,2025-09-01,2025-09-07,UTC,USD,DE,Basic,desktop,cart box,cart box,exact,1.06,0,0,0,0,0,0,0,0,0,0,,,,,
Cartly Slide Cart Drawer,HP - World Wide - 29/08/2025,2025-09-01,2025-09-07,UTC,USD,EG,Basic,desktop,cart bar,cart bar,exact,3.56,0,0,0,0,0,0,0,0,0,0,,,,,
Cartly Slide Cart Drawer,HP - World Wide - 29/08/2025,2025-09-01,2025-09-07,UTC,USD,UA,Basic,desktop,cart,cart,exact,5.23,0,0,0,0,0,0,0,0,0,0,,,,,
Cartly Slide Cart Drawer,HP - World Wide - 29/08/2025,2025-09-01,2025-09-07,UTC,USD,SI,Basic,desktop,cart,cart,exact,5.23,0,0,0,0,0,0,0,0,0,0,,,,,
Cartly Slide Cart Drawer,HP - World Wide - 29/08/2025,2025-09-01,2025-09-07,UTC,USD,SE,Basic,desktop,cart,cart,exact,5.23,0,0,0,0,0,0,0,0,0,0,,,,,
Cartly Slide Cart Drawer,HP - World Wide - 29/08/2025,2025-09-01,2025-09-07,UTC,USD,RS,Basic,desktop,cart,cart,exact,5.23,0,0,0,0,0,0,0,0,0,0,,,,,
Cartly Slide Cart Drawer,HP - World Wide - 29/08/2025,2025-09-01,2025-09-07,UTC,USD,RO,Basic,desktop,cart,cart,exact,5.23,0,0,0,0,0,0,0,0,0,0,,,,,
Cartly Slide Cart Drawer,HP - World Wide - 29/08/2025,2025-09-01,2025-09-07,UTC,USD,NO,Basic,desktop,cart,cart,exact,5.23,0,0,0,0,0,0,0,0,0,0,,,,,
Cartly Slide Cart Drawer,HP - World Wide - 29/08/2025,2025-09-01,2025-09-07,UTC,USD,LV,Basic,desktop,cart,cart,exact,5.23,0,0,0,0,0,0,0,0,0,0,,,,,
Cartly Slide Cart Drawer,HP - World Wide - 29/08/2025,2025-09-01,2025-09-07,UTC,USD,LT,Basic,desktop,cart,cart,exact,5.23,0,0,0,0,0,0,0,0,0,0,,,,,
Cartly Slide Cart Drawer,HP - World Wide - 29/08/2025,2025-09-01,2025-09-07,UTC,USD,JM,Basic,desktop,cart,cart,exact,5.23,0,0,0,0,0,0,0,0,0,0,,,,,
Cartly Slide Cart Drawer,HP - World Wide - 29/08/2025,2025-09-01,2025-09-07,UTC,USD,IL,Basic,desktop,cart,cart,exact,5.23,0,0,0,0,0,0,0,0,0,0,,,,,
Cartly Slide Cart Drawer,HP - World Wide - 29/08/2025,2025-09-01,2025-09-07,UTC,USD,IE,Basic,desktop,cart,cart,exact,5.23,0,0,0,0,0,0,0,0,0,0,,,,,
Cartly Slide Cart Drawer,HP - World Wide - 29/08/2025,2025-09-01,2025-09-07,UTC,USD,HR,Basic,desktop,cart,cart,exact,5.23,0,0,0,0,0,0,0,0,0,0,,,,,
Cartly Slide Cart Drawer,HP - World Wide - 29/08/2025,2025-09-01,2025-09-07,UTC,USD,GR,Basic,desktop,cart,cart,exact,5.23,0,0,0,0,0,0,0,0,0,0,,,,,
Cartly Slide Cart Drawer,HP - World Wide - 29/08/2025,2025-09-01,2025-09-07,UTC,USD,GE,Basic,desktop,cart,cart,exact,5.23,0,0,0,0,0,0,0,0,0,0,,,,,
Cartly Slide Cart Drawer,HP - World Wide - 29/08/2025,2025-09-01,2025-09-07,UTC,USD,FI,Basic,desktop,cart,cart,exact,5.23,0,0,0,0,0,0,0,0,0,0,,,,,
Cartly Slide Cart Drawer,HP - World Wide - 29/08/2025,2025-09-01,2025-09-07,UTC,USD,EE,Basic,desktop,cart,cart,exact,5.23,0,0,0,0,0,0,0,0,0,0,,,,,
Cartly Slide Cart Drawer,HP - World Wide - 29/08/2025,2025-09-01,2025-09-07,UTC,USD,DK,Basic,desktop,cart,cart,exact,5.23,0,0,0,0,0,0,0,0,0,0,,,,,
Cartly Slide Cart Drawer,HP - World Wide - 29/08/2025,2025-09-01,2025-09-07,UTC,USD,CH,Basic,desktop,cart,cart,exact,5.23,0,0,0,0,0,0,0,0,0,0,,,,,
Cartly Slide Cart Drawer,HP - World Wide - 29/08/2025,2025-09-01,2025-09-07,UTC,USD,BG,Basic,desktop,cart,cart,exact,5.23,0,0,0,0,0,0,0,0,0,0,,,,,
Cartly Slide Cart Drawer,HP - World Wide - 29/08/2025,2025-09-01,2025-09-07,UTC,USD,BE,Basic,desktop,cart,cart,exact,5.23,0,0,0,0,0,0,0,0,0,0,,,,,
Cartly Slide Cart Drawer,HP - World Wide - 29/08/2025,2025-09-01,2025-09-07,UTC,USD,AT,Basic,desktop,cart,cart,exact,5.23,0,0,0,0,0,0,0,0,0,0,,,,,
Cartly Slide Cart Drawer,HP - World Wide - 29/08/2025,2025-09-01,2025-09-04,UTC,USD,IN,Basic,desktop,cart,cart,exact,5.23,77,5,0.064935,0,0,3.56,0,17.8,3.155844,0.9625,,,,,
Cartly Slide Cart Drawer,HP - World Wide - 29/08/2025,2025-09-01,2025-09-04,UTC,USD,IN,Basic,desktop,cart drawer,cart drawer,exact,8.03,24,1,0.041666,0,0,2.56,0,2.56,2.583333,0.827586,,,,,
Cartly Slide Cart Drawer,HP - World Wide - 29/08/2025,2025-09-01,2025-09-04,UTC,USD,MX,Basic,desktop,cart,cart,exact,5.23,14,0,0,0,0,0,0,0,3.357142,0.7,,,,,
Cartly Slide Cart Drawer,HP - World Wide - 29/08/2025,2025-09-01,2025-09-04,UTC,USD,IN,Basic,desktop,slide cart drawer,slide cart drawer,exact,5.23,11,1,0.090909,0,0,2.56,0,2.56,2.181818,0.647058,,,,,
Cartly Slide Cart Drawer,HP - World Wide - 29/08/2025,2025-09-01,2025-09-04,UTC,USD,HK,Basic,desktop,cart,cart,exact,5.23,9,0,0,0,0,0,0,0,2.222222,1,,,,,
Cartly Slide Cart Drawer,HP - World Wide - 29/08/2025,2025-09-01,2025-09-04,UTC,USD,TR,Basic,desktop,cart,cart,exact,5.23,8,1,0.125,0,0,3.56,0,3.56,3.375,1,,,,,
Cartly Slide Cart Drawer,HP - World Wide - 29/08/2025,2025-09-01,2025-09-04,UTC,USD,EG,Basic,desktop,cart,cart,exact,5.23,7,1,0.142857,0,0,3.56,0,3.56,3,0.875,,,,,
Cartly Slide Cart Drawer,HP - World Wide - 29/08/2025,2025-09-01,2025-09-04,UTC,USD,US,Basic,desktop,slide,slide,exact,1.63,6,0,0,0,0,0,0,0,2.666666,0.857142,,,,,
Cartly Slide Cart Drawer,HP - World Wide - 29/08/2025,2025-09-01,2025-09-04,UTC,USD,TW,Basic,desktop,cart drawer,cart drawer,exact,8.03,6,0,0,0,0,0,0,0,4,1,,,,,
Cartly Slide Cart Drawer,HP - World Wide - 29/08/2025,2025-09-01,2025-09-04,UTC,USD,ES,Basic,desktop,cart,cart,exact,5.23,6,0,0,0,0,0,0,0,3.166666,0.315789,,,,,
Cartly Slide Cart Drawer,HP - World Wide - 29/08/2025,2025-09-01,2025-09-04,UTC,USD,AE,Basic,desktop,cart,cart,exact,5.23,6,0,0,0,0,0,0,0,3,1,,,,,
Cartly Slide Cart Drawer,HP - World Wide - 29/08/2025,2025-09-01,2025-09-04,UTC,USD,IN,Basic,desktop,slide cart,slide cart,exact,3.56,5,0,0,0,0,0,0,0,2.8,0.714285,,,,,
Cartly Slide Cart Drawer,HP - World Wide - 29/08/2025,2025-09-01,2025-09-04,UTC,USD,NL,Basic,desktop,slide,slide,exact,1.63,5,0,0,0,0,0,0,0,3.4,0.833333,,,,,
Cartly Slide Cart Drawer,HP - World Wide - 29/08/2025,2025-09-01,2025-09-04,UTC,USD,JP,Basic,desktop,slide,slide,exact,1.63,5,0,0,0,0,0,0,0,2.8,1,,,,,
Cartly Slide Cart Drawer,HP - World Wide - 29/08/2025,2025-09-01,2025-09-04,UTC,USD,GR,Basic,desktop,drawer,drawer,exact,2.53,5,0,0,0,0,0,0,0,2,1,,,,,
Cartly Slide Cart Drawer,HP - World Wide - 29/08/2025,2025-09-01,2025-09-04,UTC,USD,HU,Basic,desktop,cart,cart,exact,5.23,5,0,0,0,0,0,0,0,4,0.416666,,,,,
Cartly Slide Cart Drawer,HP - World Wide - 29/08/2025,2025-09-01,2025-09-04,UTC,USD,SG,Basic,desktop,cart,cart,exact,5.23,4,0,0,0,0,0,0,0,2.75,1,,,,,
Cartly Slide Cart Drawer,HP - World Wide - 29/08/2025,2025-09-01,2025-09-04,UTC,USD,ZA,Basic,desktop,slide cart drawer,slide cart drawer,exact,5.23,3,1,0.333333,0,0,2.56,0,2.56,4,1,,,,,
Cartly Slide Cart Drawer,HP - World Wide - 29/08/2025,2025-09-01,2025-09-04,UTC,USD,KE,Basic,desktop,slide cart drawer,slide cart drawer,exact,5.23,3,1,0.333333,1,1,2.56,2.56,2.56,3.333333,1,,,,,
Cartly Slide Cart Drawer,HP - World Wide - 29/08/2025,2025-09-01,2025-09-04,UTC,USD,PK,Basic,desktop,slide,slide,exact,1.63,3,0,0,0,0,0,0,0,2.666666,1,,,,,
Cartly Slide Cart Drawer,HP - World Wide - 29/08/2025,2025-09-01,2025-09-04,UTC,USD,TN,Basic,desktop,cart,cart,exact,5.23,3,0,0,0,0,0,0,0,2,1,,,,,
Cartly Slide Cart Drawer,HP - World Wide - 29/08/2025,2025-09-01,2025-09-04,UTC,USD,BR,Basic,desktop,cart,cart,exact,5.23,3,0,0,0,0,0,0,0,4,0.136363,,,,,
Cartly Slide Cart Drawer,HP - World Wide - 29/08/2025,2025-09-01,2025-09-04,UTC,USD,JP,Basic,desktop,upcart,upcart,exact,7.03,2,0,0,0,0,0,0,0,6,0.222222,,,,,
Cartly Slide Cart Drawer,HP - World Wide - 29/08/2025,2025-09-01,2025-09-04,UTC,USD,ES,Basic,desktop,slide cart,slide cart,exact,3.56,2,0,0,0,0,0,0,0,7.5,0.153846,,,,,
Cartly Slide Cart Drawer,HP - World Wide - 29/08/2025,2025-09-01,2025-09-04,UTC,USD,MX,Basic,desktop,slide,slide,exact,1.63,2,1,0.5,0,0,1.56,0,1.56,3,1,,,,,
Cartly Slide Cart Drawer,HP - World Wide - 29/08/2025,2025-09-01,2025-09-04,UTC,USD,IN,Basic,desktop,slide,slide,exact,1.63,2,0,0,0,0,0,0,0,2.5,1,,,,,
Cartly Slide Cart Drawer,HP - World Wide - 29/08/2025,2025-09-01,2025-09-04,UTC,USD,CO,Basic,desktop,slide,slide,exact,1.63,2,0,0,0,0,0,0,0,4,1,,,,,
Cartly Slide Cart Drawer,HP - World Wide - 29/08/2025,2025-09-01,2025-09-04,UTC,USD,US,Basic,desktop,carty,carty,exact,0.53,2,0,0,0,0,0,0,0,1,1,,,,,
Cartly Slide Cart Drawer,HP - World Wide - 29/08/2025,2025-09-01,2025-09-04,UTC,USD,AU,Basic,desktop,carty,carty,exact,0.53,2,0,0,0,0,0,0,0,1,1,,,,,
Cartly Slide Cart Drawer,HP - World Wide - 29/08/2025,2025-09-01,2025-09-04,UTC,USD,HU,Basic,desktop,cart slide,cart slide,exact,3.56,2,1,0.5,0,0,3.56,0,3.56,2,1,,,,,
Cartly Slide Cart Drawer,HP - World Wide - 29/08/2025,2025-09-01,2025-09-04,UTC,USD,US,Basic,desktop,cart,cart,exact,5.23,2,0,0,0,0,0,0,0,6.5,0.02985,,,,,
Cartly Slide Cart Drawer,HP - World Wide - 29/08/2025,2025-09-01,2025-09-04,UTC,USD,NZ,Basic,desktop,cart,cart,exact,5.23,2,0,0,0,0,0,0,0,4,0.666666,,,,,
Cartly Slide Cart Drawer,HP - World Wide - 29/08/2025,2025-09-01,2025-09-04,UTC,USD,DE,Basic,desktop,cart,cart,exact,5.23,2,0,0,0,0,0,0,0,6,0.083333,,,,,
Cartly Slide Cart Drawer,HP - World Wide - 29/08/2025,2025-09-01,2025-09-04,UTC,USD,CN,Basic,desktop,cart,cart,exact,5.23,2,0,0,0,0,0,0,0,4,0.666666,,,,,
Cartly Slide Cart Drawer,HP - World Wide - 29/08/2025,2025-09-01,2025-09-04,UTC,USD,VN,Basic,desktop,upcart,upcart,exact,7.03,1,0,0,0,0,0,0,0,4,0.5,,,,,
Cartly Slide Cart Drawer,HP - World Wide - 29/08/2025,2025-09-01,2025-09-04,UTC,USD,IN,Basic,desktop,upcart,upcart,exact,7.03,1,0,0,0,0,0,0,0,3,0.25,,,,,
Cartly Slide Cart Drawer,HP - World Wide - 29/08/2025,2025-09-01,2025-09-04,UTC,USD,GB,Basic,desktop,upcart,upcart,exact,7.03,1,0,0,0,0,0,0,0,4,0.076923,,,,,
Cartly Slide Cart Drawer,HP - World Wide - 29/08/2025,2025-09-01,2025-09-04,UTC,USD,CL,Basic,desktop,upcart,upcart,exact,7.03,1,0,0,0,0,0,0,0,4,0.333333,,,,,
Cartly Slide Cart Drawer,HP - World Wide - 29/08/2025,2025-09-01,2025-09-04,UTC,USD,BR,Basic,desktop,slide cart drawer,slide cart drawer,exact,5.23,1,0,0,0,0,0,0,0,4,0.333333,,,,,
Cartly Slide Cart Drawer,HP - World Wide - 29/08/2025,2025-09-01,2025-09-04,UTC,USD,PK,Basic,desktop,slide cart,slide cart,exact,3.56,1,0,0,0,0,0,0,0,4,1,,,,,
Cartly Slide Cart Drawer,HP - World Wide - 29/08/2025,2025-09-01,2025-09-04,UTC,USD,RO,Basic,desktop,slide,slide,exact,1.63,1,0,0,0,0,0,0,0,3,1,,,,,
Cartly Slide Cart Drawer,HP - World Wide - 29/08/2025,2025-09-01,2025-09-04,UTC,USD,PT,Basic,desktop,slide,slide,exact,1.63,1,0,0,0,0,0,0,0,3,1,,,,,
Cartly Slide Cart Drawer,HP - World Wide - 29/08/2025,2025-09-01,2025-09-04,UTC,USD,HK,Basic,desktop,slide,slide,exact,1.63,1,0,0,0,0,0,0,0,4,1,,,,,
Cartly Slide Cart Drawer,HP - World Wide - 29/08/2025,2025-09-01,2025-09-04,UTC,USD,DE,Basic,desktop,slide,slide,exact,1.63,1,0,0,0,0,0,0,0,3,1,,,,,
Cartly Slide Cart Drawer,HP - World Wide - 29/08/2025,2025-09-01,2025-09-04,UTC,USD,BE,Basic,desktop,slide,slide,exact,1.63,1,0,0,0,0,0,0,0,3,1,,,,,
Cartly Slide Cart Drawer,HP - World Wide - 29/08/2025,2025-09-01,2025-09-04,UTC,USD,US,Basic,desktop,drawer,drawer,exact,2.53,1,0,0,0,0,0,0,0,3,1,,,,,
Cartly Slide Cart Drawer,HP - World Wide - 29/08/2025,2025-09-01,2025-09-04,UTC,USD,PK,Basic,desktop,cartly,cartly,exact,1.73,1,0,0,0,0,0,0,0,1,1,,,,,
Cartly Slide Cart Drawer,HP - World Wide - 29/08/2025,2025-09-01,2025-09-04,UTC,USD,FR,Basic,desktop,cartly,cartly,exact,1.73,1,0,0,0,0,0,0,0,3,1,,,,,
Cartly Slide Cart Drawer,HP - World Wide - 29/08/2025,2025-09-01,2025-09-04,UTC,USD,AE,Basic,desktop,cartly,cartly,exact,1.73,1,0,0,0,0,0,0,0,3,1,,,,,
Cartly Slide Cart Drawer,HP - World Wide - 29/08/2025,2025-09-01,2025-09-04,UTC,USD,BR,Basic,desktop,cart drawer,cart drawer,exact,8.03,1,1,1,1,1,2.56,2.56,2.56,6,0.2,,,,,
Cartly Slide Cart Drawer,HP - World Wide - 29/08/2025,2025-09-01,2025-09-04,UTC,USD,PT,Basic,desktop,cart,cart,exact,5.23,1,0,0,0,0,0,0,0,4,0.2,,,,,
Cartly Slide Cart Drawer,HP - World Wide - 29/08/2025,2025-09-01,2025-09-04,UTC,USD,PS,Basic,desktop,cart,cart,exact,5.23,1,0,0,0,0,0,0,0,3,1,,,,,
Cartly Slide Cart Drawer,HP - World Wide - 29/08/2025,2025-09-01,2025-09-04,UTC,USD,PL,Basic,desktop,cart,cart,exact,5.23,1,0,0,0,0,0,0,0,3,0.5,,,,,
Cartly Slide Cart Drawer,HP - World Wide - 29/08/2025,2025-09-01,2025-09-04,UTC,USD,PK,Basic,desktop,cart,cart,exact,5.23,1,0,0,0,0,0,0,0,2,1,,,,,
Cartly Slide Cart Drawer,HP - World Wide - 29/08/2025,2025-09-01,2025-09-04,UTC,USD,NG,Basic,desktop,cart,cart,exact,5.23,1,0,0,0,0,0,0,0,3,1,,,,,
Cartly Slide Cart Drawer,HP - World Wide - 29/08/2025,2025-09-01,2025-09-04,UTC,USD,MY,Basic,desktop,cart,cart,exact,5.23,1,0,0,0,0,0,0,0,3,1,,,,,
Cartly Slide Cart Drawer,HP - World Wide - 29/08/2025,2025-09-01,2025-09-04,UTC,USD,LB,Basic,desktop,cart,cart,exact,5.23,1,0,0,0,0,0,0,0,3,1,,,,,
Cartly Slide Cart Drawer,HP - World Wide - 29/08/2025,2025-09-01,2025-09-04,UTC,USD,IT,Basic,desktop,cart,cart,exact,5.23,1,0,0,0,0,0,0,0,4,0.142857,,,,,
Cartly Slide Cart Drawer,HP - World Wide - 29/08/2025,2025-09-01,2025-09-04,UTC,USD,FR,Basic,desktop,cart,cart,exact,5.23,1,0,0,0,0,0,0,0,6,0.028571,,,,,
Cartly Slide Cart Drawer,HP - World Wide - 29/08/2025,2025-09-01,2025-09-04,UTC,USD,CO,Basic,desktop,cart,cart,exact,5.23,1,0,0,0,0,0,0,0,3,1,,,,,
Cartly Slide Cart Drawer,HP - World Wide - 29/08/2025,2025-09-01,2025-09-04,UTC,USD,AU,Basic,desktop,cart,cart,exact,5.23,1,0,0,0,0,0,0,0,4,0.035714,,,,,
Cartly Slide Cart Drawer,HP - World Wide - 29/08/2025,2025-09-01,2025-09-04,UTC,USD,ZA,Basic,desktop,upcart,upcart,exact,7.03,0,0,0,0,0,0,0,0,0,0,,,,,
Cartly Slide Cart Drawer,HP - World Wide - 29/08/2025,2025-09-01,2025-09-04,UTC,USD,US,Basic,desktop,upcart,upcart,exact,7.03,0,0,0,0,0,0,0,0,0,0,,,,,
Cartly Slide Cart Drawer,HP - World Wide - 29/08/2025,2025-09-01,2025-09-04,UTC,USD,TR,Basic,desktop,upcart,upcart,exact,7.03,0,0,0,0,0,0,0,0,0,0,,,,,
Cartly Slide Cart Drawer,HP - World Wide - 29/08/2025,2025-09-01,2025-09-04,UTC,USD,SI,Basic,desktop,upcart,upcart,exact,7.03,0,0,0,0,0,0,0,0,0,0,,,,,
Cartly Slide Cart Drawer,HP - World Wide - 29/08/2025,2025-09-01,2025-09-04,UTC,USD,SE,Basic,desktop,upcart,upcart,exact,7.03,0,0,0,0,0,0,0,0,0,0,,,,,
Cartly Slide Cart Drawer,HP - World Wide - 29/08/2025,2025-09-01,2025-09-04,UTC,USD,PT,Basic,desktop,upcart,upcart,exact,7.03,0,0,0,0,0,0,0,0,0,0,,,,,
Cartly Slide Cart Drawer,HP - World Wide - 29/08/2025,2025-09-01,2025-09-04,UTC,USD,PK,Basic,desktop,upcart,upcart,exact,7.03,0,0,0,0,0,0,0,0,0,0,,,,,
Cartly Slide Cart Drawer,HP - World Wide - 29/08/2025,2025-09-01,2025-09-04,UTC,USD,NZ,Basic,desktop,upcart,upcart,exact,7.03,0,0,0,0,0,0,0,0,0,0,,,,,
Cartly Slide Cart Drawer,HP - World Wide - 29/08/2025,2025-09-01,2025-09-04,UTC,USD,NL,Basic,desktop,upcart,upcart,exact,7.03,0,0,0,0,0,0,0,0,0,0,,,,,
Cartly Slide Cart Drawer,HP - World Wide - 29/08/2025,2025-09-01,2025-09-04,UTC,USD,MX,Basic,desktop,upcart,upcart,exact,7.03,0,0,0,0,0,0,0,0,0,0,,,,,
Cartly Slide Cart Drawer,HP - World Wide - 29/08/2025,2025-09-01,2025-09-04,UTC,USD,LV,Basic,desktop,upcart,upcart,exact,7.03,0,0,0,0,0,0,0,0,0,0,,,,,
Cartly Slide Cart Drawer,HP - World Wide - 29/08/2025,2025-09-01,2025-09-04,UTC,USD,IT,Basic,desktop,upcart,upcart,exact,7.03,0,0,0,0,0,0,0,0,0,0,,,,,
Cartly Slide Cart Drawer,HP - World Wide - 29/08/2025,2025-09-01,2025-09-04,UTC,USD,HU,Basic,desktop,upcart,upcart,exact,7.03,0,0,0,0,0,0,0,0,0,0,,,,,
Cartly Slide Cart Drawer,HP - World Wide - 29/08/2025,2025-09-01,2025-09-04,UTC,USD,FR,Basic,desktop,upcart,upcart,exact,7.03,0,0,0,0,0,0,0,0,0,0,,,,,
Cartly Slide Cart Drawer,HP - World Wide - 29/08/2025,2025-09-01,2025-09-04,UTC,USD,ES,Basic,desktop,upcart,upcart,exact,7.03,0,0,0,0,0,0,0,0,0,0,,,,,
Cartly Slide Cart Drawer,HP - World Wide - 29/08/2025,2025-09-01,2025-09-04,UTC,USD,EE,Basic,desktop,upcart,upcart,exact,7.03,0,0,0,0,0,0,0,0,0,0,,,,,
Cartly Slide Cart Drawer,HP - World Wide - 29/08/2025,2025-09-01,2025-09-04,UTC,USD,DK,Basic,desktop,upcart,upcart,exact,7.03,0,0,0,0,0,0,0,0,0,0,,,,,
Cartly Slide Cart Drawer,HP - World Wide - 29/08/2025,2025-09-01,2025-09-04,UTC,USD,DE,Basic,desktop,upcart,upcart,exact,7.03,0,0,0,0,0,0,0,0,0,0,,,,,
Cartly Slide Cart Drawer,HP - World Wide - 29/08/2025,2025-09-01,2025-09-04,UTC,USD,CY,Basic,desktop,upcart,upcart,exact,7.03,0,0,0,0,0,0,0,0,0,0,,,,,
Cartly Slide Cart Drawer,HP - World Wide - 29/08/2025,2025-09-01,2025-09-04,UTC,USD,CR,Basic,desktop,upcart,upcart,exact,7.03,0,0,0,0,0,0,0,0,0,0,,,,,
Cartly Slide Cart Drawer,HP - World Wide - 29/08/2025,2025-09-01,2025-09-04,UTC,USD,CO,Basic,desktop,upcart,upcart,exact,7.03,0,0,0,0,0,0,0,0,0,0,,,,,
Cartly Slide Cart Drawer,HP - World Wide - 29/08/2025,2025-09-01,2025-09-04,UTC,USD,CA,Basic,desktop,upcart,upcart,exact,7.03,0,0,0,0,0,0,0,0,0,0,,,,,
Cartly Slide Cart Drawer,HP - World Wide - 29/08/2025,2025-09-01,2025-09-04,UTC,USD,AU,Basic,desktop,upcart,upcart,exact,7.03,0,0,0,0,0,0,0,0,0,0,,,,,
Cartly Slide Cart Drawer,HP - World Wide - 29/08/2025,2025-09-01,2025-09-04,UTC,USD,AT,Basic,desktop,upcart,upcart,exact,7.03,0,0,0,0,0,0,0,0,0,0,,,,,
Cartly Slide Cart Drawer,HP - World Wide - 29/08/2025,2025-09-01,2025-09-04,UTC,USD,AR,Basic,desktop,upcart,upcart,exact,7.03,0,0,0,0,0,0,0,0,0,0,,,,,
Cartly Slide Cart Drawer,HP - World Wide - 29/08/2025,2025-09-01,2025-09-04,UTC,USD,AE,Basic,desktop,upcart,upcart,exact,7.03,0,0,0,0,0,0,0,0,0,0,,,,,
Cartly Slide Cart Drawer,HP - World Wide - 29/08/2025,2025-09-01,2025-09-04,UTC,USD,US,Basic,desktop,slide cart drawer,slide cart drawer,exact,5.23,0,0,0,0,0,0,0,0,0,0,,,,,
Cartly Slide Cart Drawer,HP - World Wide - 29/08/2025,2025-09-01,2025-09-04,UTC,USD,NL,Basic,desktop,slide cart drawer,slide cart drawer,exact,5.23,0,0,0,0,0,0,0,0,0,0,,,,,
Cartly Slide Cart Drawer,HP - World Wide - 29/08/2025,2025-09-01,2025-09-04,UTC,USD,IL,Basic,desktop,slide cart drawer,slide cart drawer,exact,5.23,0,0,0,0,0,0,0,0,0,0,,,,,
Cartly Slide Cart Drawer,HP - World Wide - 29/08/2025,2025-09-01,2025-09-04,UTC,USD,FR,Basic,desktop,slide cart drawer,slide cart drawer,exact,5.23,0,0,0,0,0,0,0,0,0,0,,,,,
Cartly Slide Cart Drawer,HP - World Wide - 29/08/2025,2025-09-01,2025-09-04,UTC,USD,ES,Basic,desktop,slide cart drawer,slide cart drawer,exact,5.23,0,0,0,0,0,0,0,0,0,0,,,,,
Cartly Slide Cart Drawer,HP - World Wide - 29/08/2025,2025-09-01,2025-09-04,UTC,USD,CL,Basic,desktop,slide cart drawer,slide cart drawer,exact,5.23,0,0,0,0,0,0,0,0,0,0,,,,,
Cartly Slide Cart Drawer,HP - World Wide - 29/08/2025,2025-09-01,2025-09-04,UTC,USD,AU,Basic,desktop,slide cart drawer,slide cart drawer,exact,5.23,0,0,0,0,0,0,0,0,0,0,,,,,
Cartly Slide Cart Drawer,HP - World Wide - 29/08/2025,2025-09-01,2025-09-04,UTC,USD,US,Basic,desktop,slide cart,slide cart,exact,3.56,0,0,0,0,0,0,0,0,0,0,,,,,
Cartly Slide Cart Drawer,HP - World Wide - 29/08/2025,2025-09-01,2025-09-04,UTC,USD,TR,Basic,desktop,slide cart,slide cart,exact,3.56,0,0,0,0,0,0,0,0,0,0,,,,,
Cartly Slide Cart Drawer,HP - World Wide - 29/08/2025,2025-09-01,2025-09-04,UTC,USD,SE,Basic,desktop,slide cart,slide cart,exact,3.56,0,0,0,0,0,0,0,0,0,0,,,,,
Cartly Slide Cart Drawer,HP - World Wide - 29/08/2025,2025-09-01,2025-09-04,UTC,USD,NZ,Basic,desktop,slide cart,slide cart,exact,3.56,0,0,0,0,0,0,0,0,0,0,,,,,
Cartly Slide Cart Drawer,HP - World Wide - 29/08/2025,2025-09-01,2025-09-04,UTC,USD,NL,Basic,desktop,slide cart,slide cart,exact,3.56,0,0,0,0,0,0,0,0,0,0,,,,,
Cartly Slide Cart Drawer,HP - World Wide - 29/08/2025,2025-09-01,2025-09-04,UTC,USD,MD,Basic,desktop,slide cart,slide cart,exact,3.56,0,0,0,0,0,0,0,0,0,0,,,,,
Cartly Slide Cart Drawer,HP - World Wide - 29/08/2025,2025-09-01,2025-09-04,UTC,USD,IT,Basic,desktop,slide cart,slide cart,exact,3.56,0,0,0,0,0,0,0,0,0,0,,,,,
Cartly Slide Cart Drawer,HP - World Wide - 29/08/2025,2025-09-01,2025-09-04,UTC,USD,HK,Basic,desktop,slide cart,slide cart,exact,3.56,0,0,0,0,0,0,0,0,0,0,,,,,
Cartly Slide Cart Drawer,HP - World Wide - 29/08/2025,2025-09-01,2025-09-04,UTC,USD,FR,Basic,desktop,slide cart,slide cart,exact,3.56,0,0,0,0,0,0,0,0,0,0,,,,,
Cartly Slide Cart Drawer,HP - World Wide - 29/08/2025,2025-09-01,2025-09-04,UTC,USD,DE,Basic,desktop,slide cart,slide cart,exact,3.56,0,0,0,0,0,0,0,0,0,0,,,,,
Cartly Slide Cart Drawer,HP - World Wide - 29/08/2025,2025-09-01,2025-09-04,UTC,USD,CY,Basic,desktop,slide cart,slide cart,exact,3.56,0,0,0,0,0,0,0,0,0,0,,,,,
Cartly Slide Cart Drawer,HP - World Wide - 29/08/2025,2025-09-01,2025-09-04,UTC,USD,CA,Basic,desktop,slide cart,slide cart,exact,3.56,0,0,0,0,0,0,0,0,0,0,,,,,
Cartly Slide Cart Drawer,HP - World Wide - 29/08/2025,2025-09-01,2025-09-04,UTC,USD,BE,Basic,desktop,slide cart,slide cart,exact,3.56,0,0,0,0,0,0,0,0,0,0,,,,,
Cartly Slide Cart Drawer,HP - World Wide - 29/08/2025,2025-09-01,2025-09-04,UTC,USD,AU,Basic,desktop,slide cart,slide cart,exact,3.56,0,0,0,0,0,0,0,0,0,0,,,,,
Cartly Slide Cart Drawer,HP - World Wide - 29/08/2025,2025-09-01,2025-09-04,UTC,USD,IT,Basic,desktop,slide,slide,exact,1.63,0,0,0,0,0,0,0,0,0,0,,,,,
Cartly Slide Cart Drawer,HP - World Wide - 29/08/2025,2025-09-01,2025-09-04,UTC,USD,FR,Basic,desktop,slide,slide,exact,1.63,0,0,0,0,0,0,0,0,0,0,,,,,
Cartly Slide Cart Drawer,HP - World Wide - 29/08/2025,2025-09-01,2025-09-04,UTC,USD,BR,Basic,desktop,slide,slide,exact,1.63,0,0,0,0,0,0,0,0,0,0,,,,,
Cartly Slide Cart Drawer,HP - World Wide - 29/08/2025,2025-09-01,2025-09-04,UTC,USD,NL,Basic,desktop,side cart,side cart,exact,4.53,0,0,0,0,0,0,0,0,0,0,,,,,
Cartly Slide Cart Drawer,HP - World Wide - 29/08/2025,2025-09-01,2025-09-04,UTC,USD,IN,Basic,desktop,side cart,side cart,exact,4.53,0,0,0,0,0,0,0,0,0,0,,,,,
Cartly Slide Cart Drawer,HP - World Wide - 29/08/2025,2025-09-01,2025-09-04,UTC,USD,FR,Basic,desktop,mini cart,mini cart,exact,3.33,0,0,0,0,0,0,0,0,0,0,,,,,
Cartly Slide Cart Drawer,HP - World Wide - 29/08/2025,2025-09-01,2025-09-04,UTC,USD,ES,Basic,desktop,mini cart,mini cart,exact,3.33,0,0,0,0,0,0,0,0,0,0,,,,,
Cartly Slide Cart Drawer,HP - World Wide - 29/08/2025,2025-09-01,2025-09-04,UTC,USD,IN,Basic,desktop,floating cart,floating cart,exact,2.56,0,0,0,0,0,0,0,0,0,0,,,,,
Cartly Slide Cart Drawer,HP - World Wide - 29/08/2025,2025-09-01,2025-09-04,UTC,USD,AU,Basic,desktop,floating cart,floating cart,exact,2.56,0,0,0,0,0,0,0,0,0,0,,,,,
Cartly Slide Cart Drawer,HP - World Wide - 29/08/2025,2025-09-01,2025-09-04,UTC,USD,IN,Basic,desktop,drawer,drawer,exact,2.53,0,0,0,0,0,0,0,0,0,0,,,,,
Cartly Slide Cart Drawer,HP - World Wide - 29/08/2025,2025-09-01,2025-09-04,UTC,USD,AU,Basic,desktop,drawer,drawer,exact,2.53,0,0,0,0,0,0,0,0,0,0,,,,,
Cartly Slide Cart Drawer,HP - World Wide - 29/08/2025,2025-09-01,2025-09-04,UTC,USD,US,Basic,desktop,cartly,cartly,exact,1.73,0,0,0,0,0,0,0,0,0,0,,,,,
Cartly Slide Cart Drawer,HP - World Wide - 29/08/2025,2025-09-01,2025-09-04,UTC,USD,US,Basic,desktop,cart page,cart page,exact,1.56,0,0,0,0,0,0,0,0,0,0,,,,,
Cartly Slide Cart Drawer,HP - World Wide - 29/08/2025,2025-09-01,2025-09-04,UTC,USD,IN,Basic,desktop,cart page,cart page,exact,1.56,0,0,0,0,0,0,0,0,0,0,,,,,
Cartly Slide Cart Drawer,HP - World Wide - 29/08/2025,2025-09-01,2025-09-04,UTC,USD,GB,Basic,desktop,cart page,cart page,exact,1.56,0,0,0,0,0,0,0,0,0,0,,,,,
Cartly Slide Cart Drawer,HP - World Wide - 29/08/2025,2025-09-01,2025-09-04,UTC,USD,US,Basic,desktop,cart drawer,cart drawer,exact,8.03,0,0,0,0,0,0,0,0,0,0,,,,,
Cartly Slide Cart Drawer,HP - World Wide - 29/08/2025,2025-09-01,2025-09-04,UTC,USD,TR,Basic,desktop,cart drawer,cart drawer,exact,8.03,0,0,0,0,0,0,0,0,0,0,,,,,
Cartly Slide Cart Drawer,HP - World Wide - 29/08/2025,2025-09-01,2025-09-04,UTC,USD,SE,Basic,desktop,cart drawer,cart drawer,exact,8.03,0,0,0,0,0,0,0,0,0,0,,,,,
Cartly Slide Cart Drawer,HP - World Wide - 29/08/2025,2025-09-01,2025-09-04,UTC,USD,RS,Basic,desktop,cart drawer,cart drawer,exact,8.03,0,0,0,0,0,0,0,0,0,0,,,,,
Cartly Slide Cart Drawer,HP - World Wide - 29/08/2025,2025-09-01,2025-09-04,UTC,USD,RO,Basic,desktop,cart drawer,cart drawer,exact,8.03,0,0,0,0,0,0,0,0,0,0,,,,,
Cartly Slide Cart Drawer,HP - World Wide - 29/08/2025,2025-09-01,2025-09-04,UTC,USD,PT,Basic,desktop,cart drawer,cart drawer,exact,8.03,0,0,0,0,0,0,0,0,0,0,,,,,
Cartly Slide Cart Drawer,HP - World Wide - 29/08/2025,2025-09-01,2025-09-04,UTC,USD,PK,Basic,desktop,cart drawer,cart drawer,exact,8.03,0,0,0,0,0,0,0,0,0,0,,,,,
Cartly Slide Cart Drawer,HP - World Wide - 29/08/2025,2025-09-01,2025-09-04,UTC,USD,NL,Basic,desktop,cart drawer,cart drawer,exact,8.03,0,0,0,0,0,0,0,0,0,0,,,,,
Cartly Slide Cart Drawer,HP - World Wide - 29/08/2025,2025-09-01,2025-09-04,UTC,USD,LT,Basic,desktop,cart drawer,cart drawer,exact,8.03,0,0,0,0,0,0,0,0,0,0,,,,,
Cartly Slide Cart Drawer,HP - World Wide - 29/08/2025,2025-09-01,2025-09-04,UTC,USD,HU,Basic,desktop,cart drawer,cart drawer,exact,8.03,0,0,0,0,0,0,0,0,0,0,,,,,
Cartly Slide Cart Drawer,HP - World Wide - 29/08/2025,2025-09-01,2025-09-04,UTC,USD,HK,Basic,desktop,cart drawer,cart drawer,exact,8.03,0,0,0,0,0,0,0,0,0,0,,,,,
Cartly Slide Cart Drawer,HP - World Wide - 29/08/2025,2025-09-01,2025-09-04,UTC,USD,GB,Basic,desktop,cart drawer,cart drawer,exact,8.03,0,0,0,0,0,0,0,0,0,0,,,,,
Cartly Slide Cart Drawer,HP - World Wide - 29/08/2025,2025-09-01,2025-09-04,UTC,USD,FR,Basic,desktop,cart drawer,cart drawer,exact,8.03,0,0,0,0,0,0,0,0,0,0,,,,,
Cartly Slide Cart Drawer,HP - World Wide - 29/08/2025,2025-09-01,2025-09-04,UTC,USD,DE,Basic,desktop,cart drawer,cart drawer,exact,8.03,0,0,0,0,0,0,0,0,0,0,,,,,
Cartly Slide Cart Drawer,HP - World Wide - 29/08/2025,2025-09-01,2025-09-04,UTC,USD,CH,Basic,desktop,cart drawer,cart drawer,exact,8.03,0,0,0,0,0,0,0,0,0,0,,,,,
Cartly Slide Cart Drawer,HP - World Wide - 29/08/2025,2025-09-01,2025-09-04,UTC,USD,CA,Basic,desktop,cart drawer,cart drawer,exact,8.03,0,0,0,0,0,0,0,0,0,0,,,,,
Cartly Slide Cart Drawer,HP - World Wide - 29/08/2025,2025-09-01,2025-09-04,UTC,USD,BG,Basic,desktop,cart drawer,cart drawer,exact,8.03,0,0,0,0,0,0,0,0,0,0,,,,,
Cartly Slide Cart Drawer,HP - World Wide - 29/08/2025,2025-09-01,2025-09-04,UTC,USD,BE,Basic,desktop,cart drawer,cart drawer,exact,8.03,0,0,0,0,0,0,0,0,0,0,,,,,
Cartly Slide Cart Drawer,HP - World Wide - 29/08/2025,2025-09-01,2025-09-04,UTC,USD,AU,Basic,desktop,cart drawer,cart drawer,exact,8.03,0,0,0,0,0,0,0,0,0,0,,,,,
Cartly Slide Cart Drawer,HP - World Wide - 29/08/2025,2025-09-01,2025-09-04,UTC,USD,AT,Basic,desktop,cart drawer,cart drawer,exact,8.03,0,0,0,0,0,0,0,0,0,0,,,,,
Cartly Slide Cart Drawer,HP - World Wide - 29/08/2025,2025-09-01,2025-09-04,UTC,USD,AE,Basic,desktop,cart drawer,cart drawer,exact,8.03,0,0,0,0,0,0,0,0,0,0,,,,,
Cartly Slide Cart Drawer,HP - World Wide - 29/08/2025,2025-09-01,2025-09-04,UTC,USD,UA,Basic,desktop,cart,cart,exact,5.23,0,0,0,0,0,0,0,0,0,0,,,,,
Cartly Slide Cart Drawer,HP - World Wide - 29/08/2025,2025-09-01,2025-09-04,UTC,USD,SI,Basic,desktop,cart,cart,exact,5.23,0,0,0,0,0,0,0,0,0,0,,,,,
Cartly Slide Cart Drawer,HP - World Wide - 29/08/2025,2025-09-01,2025-09-04,UTC,USD,SE,Basic,desktop,cart,cart,exact,5.23,0,0,0,0,0,0,0,0,0,0,,,,,
Cartly Slide Cart Drawer,HP - World Wide - 29/08/2025,2025-09-01,2025-09-04,UTC,USD,RS,Basic,desktop,cart,cart,exact,5.23,0,0,0,0,0,0,0,0,0,0,,,,,
Cartly Slide Cart Drawer,HP - World Wide - 29/08/2025,2025-09-01,2025-09-04,UTC,USD,RO,Basic,desktop,cart,cart,exact,5.23,0,0,0,0,0,0,0,0,0,0,,,,,
Cartly Slide Cart Drawer,HP - World Wide - 29/08/2025,2025-09-01,2025-09-04,UTC,USD,NL,Basic,desktop,cart,cart,exact,5.23,0,0,0,0,0,0,0,0,0,0,,,,,
Cartly Slide Cart Drawer,HP - World Wide - 29/08/2025,2025-09-01,2025-09-04,UTC,USD,LV,Basic,desktop,cart,cart,exact,5.23,0,0,0,0,0,0,0,0,0,0,,,,,
Cartly Slide Cart Drawer,HP - World Wide - 29/08/2025,2025-09-01,2025-09-04,UTC,USD,LT,Basic,desktop,cart,cart,exact,5.23,0,0,0,0,0,0,0,0,0,0,,,,,
Cartly Slide Cart Drawer,HP - World Wide - 29/08/2025,2025-09-01,2025-09-04,UTC,USD,IL,Basic,desktop,cart,cart,exact,5.23,0,0,0,0,0,0,0,0,0,0,,,,,
Cartly Slide Cart Drawer,HP - World Wide - 29/08/2025,2025-09-01,2025-09-04,UTC,USD,IE,Basic,desktop,cart,cart,exact,5.23,0,0,0,0,0,0,0,0,0,0,,,,,
Cartly Slide Cart Drawer,HP - World Wide - 29/08/2025,2025-09-01,2025-09-04,UTC,USD,HR,Basic,desktop,cart,cart,exact,5.23,0,0,0,0,0,0,0,0,0,0,,,,,
Cartly Slide Cart Drawer,HP - World Wide - 29/08/2025,2025-09-01,2025-09-04,UTC,USD,GR,Basic,desktop,cart,cart,exact,5.23,0,0,0,0,0,0,0,0,0,0,,,,,
Cartly Slide Cart Drawer,HP - World Wide - 29/08/2025,2025-09-01,2025-09-04,UTC,USD,GB,Basic,desktop,cart,cart,exact,5.23,0,0,0,0,0,0,0,0,0,0,,,,,
Cartly Slide Cart Drawer,HP - World Wide - 29/08/2025,2025-09-01,2025-09-04,UTC,USD,DK,Basic,desktop,cart,cart,exact,5.23,0,0,0,0,0,0,0,0,0,0,,,,,
Cartly Slide Cart Drawer,HP - World Wide - 29/08/2025,2025-09-01,2025-09-04,UTC,USD,CH,Basic,desktop,cart,cart,exact,5.23,0,0,0,0,0,0,0,0,0,0,,,,,
Cartly Slide Cart Drawer,HP - World Wide - 29/08/2025,2025-09-01,2025-09-04,UTC,USD,CA,Basic,desktop,cart,cart,exact,5.23,0,0,0,0,0,0,0,0,0,0,,,,,
Cartly Slide Cart Drawer,HP - World Wide - 29/08/2025,2025-09-01,2025-09-04,UTC,USD,BG,Basic,desktop,cart,cart,exact,5.23,0,0,0,0,0,0,0,0,0,0,,,,,
Cartly Slide Cart Drawer,HP - World Wide - 29/08/2025,2025-09-01,2025-09-04,UTC,USD,BE,Basic,desktop,cart,cart,exact,5.23,0,0,0,0,0,0,0,0,0,0,,,,,
Cartly Slide Cart Drawer,HP - EU (A) - 29/08/2025,2025-09-01,2025-09-23,UTC,USD,NL,Grow,desktop,cart,cart,exact,9.53,32,4,0.125,1,0.25,9.045,36.18,36.18,3.09375,0.888888,,,,,
Cartly Slide Cart Drawer,HP - EU (A) - 29/08/2025,2025-09-01,2025-09-23,UTC,USD,FR,Grow,desktop,cart,cart,exact,9.53,24,2,0.083333,1,0.5,8.56,17.12,17.12,2.75,1,,,,,
Cartly Slide Cart Drawer,HP - EU (A) - 29/08/2025,2025-09-01,2025-09-23,UTC,USD,GB,Grow,desktop,cart,cart,exact,9.53,21,2,0.095238,0,0,8.56,0,17.12,2.666666,1,,,,,
Cartly Slide Cart Drawer,HP - EU (A) - 29/08/2025,2025-09-01,2025-09-23,UTC,USD,GB,Grow,desktop,cart drawer,cart drawer,exact,7.23,18,1,0.055555,0,0,8.56,0,8.56,2.611111,1,,,,,
Cartly Slide Cart Drawer,HP - EU (A) - 29/08/2025,2025-09-01,2025-09-23,UTC,USD,DE,Grow,desktop,cart,cart,exact,9.53,14,0,0,0,0,0,0,0,3.285714,0.933333,,,,,
Cartly Slide Cart Drawer,HP - EU (A) - 29/08/2025,2025-09-01,2025-09-23,UTC,USD,DE,Grow,desktop,slide cart,slide cart,exact,9.56,10,1,0.1,1,1,9.56,9.56,9.56,2.2,1,,,,,
Cartly Slide Cart Drawer,HP - EU (A) - 29/08/2025,2025-09-01,2025-09-23,UTC,USD,FR,Advanced,desktop,cart drawer,cart drawer,exact,7.23,10,1,0.1,0,0,8.56,0,8.56,3,0.833333,,,,,
Cartly Slide Cart Drawer,HP - EU (A) - 29/08/2025,2025-09-01,2025-09-23,UTC,USD,NL,Grow,desktop,upcart,upcart,exact,10.56,9,0,0,0,0,0,0,0,3.888888,0.75,,,,,
Cartly Slide Cart Drawer,HP - EU (A) - 29/08/2025,2025-09-01,2025-09-23,UTC,USD,CH,Grow,desktop,cart,cart,exact,9.53,9,1,0.111111,1,1,8.56,8.56,8.56,3.777777,1,,,,,
Cartly Slide Cart Drawer,HP - EU (A) - 29/08/2025,2025-09-01,2025-09-23,UTC,USD,SE,Grow,desktop,cart,cart,exact,9.53,8,0,0,0,0,0,0,0,3.75,1,,,,,
Cartly Slide Cart Drawer,HP - EU (A) - 29/08/2025,2025-09-01,2025-09-23,UTC,USD,NL,Advanced,desktop,cart,cart,exact,9.53,7,0,0,0,0,0,0,0,3.714285,0.636363,,,,,
Cartly Slide Cart Drawer,HP - EU (A) - 29/08/2025,2025-09-01,2025-09-23,UTC,USD,DE,Grow,desktop,slide cart drawer,slide cart drawer,exact,8.56,6,0,0,0,0,0,0,0,4,0.857142,,,,,
Cartly Slide Cart Drawer,HP - EU (A) - 29/08/2025,2025-09-01,2025-09-23,UTC,USD,DE,Advanced,desktop,cart drawer,cart drawer,exact,7.23,6,1,0.166666,0,0,8.56,0,8.56,2.333333,1,,,,,
Cartly Slide Cart Drawer,HP - EU (A) - 29/08/2025,2025-09-01,2025-09-23,UTC,USD,FR,Grow,desktop,cart drawer,cart drawer,exact,7.23,6,0,0,0,0,0,0,0,2,1,,,,,
Cartly Slide Cart Drawer,HP - EU (A) - 29/08/2025,2025-09-01,2025-09-23,UTC,USD,DE,Grow,desktop,cart drawer,cart drawer,exact,7.23,6,0,0,0,0,0,0,0,1.833333,1,,,,,
Cartly Slide Cart Drawer,HP - EU (A) - 29/08/2025,2025-09-01,2025-09-23,UTC,USD,DE,Advanced,desktop,cart,cart,exact,9.53,6,1,0.166666,0,0,9.53,0,9.53,3.166666,0.666666,,,,,
Cartly Slide Cart Drawer,HP - EU (A) - 29/08/2025,2025-09-01,2025-09-23,UTC,USD,NL,Grow,desktop,slide cart drawer,slide cart drawer,exact,8.56,5,1,0.2,0,0,8.56,0,8.56,2.8,1,,,,,
Cartly Slide Cart Drawer,HP - EU (A) - 29/08/2025,2025-09-01,2025-09-23,UTC,USD,NL,Grow,desktop,cart drawer,cart drawer,exact,7.23,5,0,0,0,0,0,0,0,2.2,1,,,,,
Cartly Slide Cart Drawer,HP - EU (A) - 29/08/2025,2025-09-01,2025-09-23,UTC,USD,BE,Grow,desktop,cart,cart,exact,9.53,5,0,0,0,0,0,0,0,3,1,,,,,
Cartly Slide Cart Drawer,HP - EU (A) - 29/08/2025,2025-09-01,2025-09-23,UTC,USD,GB,Grow,desktop,upcart,upcart,exact,10.56,4,0,0,0,0,0,0,0,3.5,1,,,,,
Cartly Slide Cart Drawer,HP - EU (A) - 29/08/2025,2025-09-01,2025-09-23,UTC,USD,FR,Grow,desktop,upcart,upcart,exact,10.56,4,0,0,0,0,0,0,0,3.75,1,,,,,
Cartly Slide Cart Drawer,HP - EU (A) - 29/08/2025,2025-09-01,2025-09-23,UTC,USD,GB,Plus,desktop,slide cart,slide cart,exact,9.56,4,0,0,0,0,0,0,0,4.75,1,,,,,
Cartly Slide Cart Drawer,HP - EU (A) - 29/08/2025,2025-09-01,2025-09-23,UTC,USD,FR,Advanced,desktop,drawer,drawer,exact,2.56,4,0,0,0,0,0,0,0,3,1,,,,,
Cartly Slide Cart Drawer,HP - EU (A) - 29/08/2025,2025-09-01,2025-09-23,UTC,USD,DK,Grow,desktop,upcart,upcart,exact,10.56,3,1,0.333333,0,0,10.56,0,10.56,4,1,,,,,
Cartly Slide Cart Drawer,HP - EU (A) - 29/08/2025,2025-09-01,2025-09-23,UTC,USD,CH,Grow,desktop,upcart,upcart,exact,10.56,3,0,0,0,0,0,0,0,3,1,,,,,
Cartly Slide Cart Drawer,HP - EU (A) - 29/08/2025,2025-09-01,2025-09-23,UTC,USD,DE,Grow,desktop,sticky cart,sticky cart,exact,6.06,3,0,0,0,0,0,0,0,3,1,,,,,
Cartly Slide Cart Drawer,HP - EU (A) - 29/08/2025,2025-09-01,2025-09-23,UTC,USD,NL,Grow,desktop,slide cart,slide cart,exact,9.56,3,0,0,0,0,0,0,0,2.333333,1,,,,,
Cartly Slide Cart Drawer,HP - EU (A) - 29/08/2025,2025-09-01,2025-09-23,UTC,USD,DE,Grow,desktop,quick cart,quick cart,exact,10.56,3,0,0,0,0,0,0,0,3,1,,,,,
Cartly Slide Cart Drawer,HP - EU (A) - 29/08/2025,2025-09-01,2025-09-23,UTC,USD,CH,Grow,desktop,cartly,cartly,exact,5.56,3,2,0.666666,1,0.5,5.56,11.12,11.12,2,1,,,,,
Cartly Slide Cart Drawer,HP - EU (A) - 29/08/2025,2025-09-01,2025-09-23,UTC,USD,SE,Grow,desktop,cart drawer,cart drawer,exact,7.23,3,1,0.333333,1,1,8.56,8.56,8.56,3,1,,,,,
Cartly Slide Cart Drawer,HP - EU (A) - 29/08/2025,2025-09-01,2025-09-23,UTC,USD,SE,Advanced,desktop,cart,cart,exact,9.53,3,0,0,0,0,0,0,0,6,3,,,,,
Cartly Slide Cart Drawer,HP - EU (A) - 29/08/2025,2025-09-01,2025-09-23,UTC,USD,GB,Advanced,desktop,cart,cart,exact,9.53,3,0,0,0,0,0,0,0,3.666666,0.333333,,,,,
Cartly Slide Cart Drawer,HP - EU (A) - 29/08/2025,2025-09-01,2025-09-23,UTC,USD,FR,Advanced,desktop,cart,cart,exact,9.53,3,0,0,0,0,0,0,0,3,0.272727,,,,,
Cartly Slide Cart Drawer,HP - EU (A) - 29/08/2025,2025-09-01,2025-09-23,UTC,USD,IE,Grow,desktop,cart,cart,exact,9.53,3,1,0.333333,0,0,8.56,0,8.56,3,1,,,,,
Cartly Slide Cart Drawer,HP - EU (A) - 29/08/2025,2025-09-01,2025-09-23,UTC,USD,DE,Grow,desktop,upcart,upcart,exact,10.56,2,0,0,0,0,0,0,0,3.5,0.285714,,,,,
Cartly Slide Cart Drawer,HP - EU (A) - 29/08/2025,2025-09-01,2025-09-23,UTC,USD,DE,Advanced,desktop,sticky cart,sticky cart,exact,6.06,2,0,0,0,0,0,0,0,4,1,,,,,
Cartly Slide Cart Drawer,HP - EU (A) - 29/08/2025,2025-09-01,2025-09-23,UTC,USD,FR,Grow,desktop,slide cart drawer,slide cart drawer,exact,8.56,2,0,0,0,0,0,0,0,2.5,1,,,,,
Cartly Slide Cart Drawer,HP - EU (A) - 29/08/2025,2025-09-01,2025-09-23,UTC,USD,FR,Advanced,desktop,slide cart,slide cart,exact,9.56,2,0,0,0,0,0,0,0,2,1,,,,,
Cartly Slide Cart Drawer,HP - EU (A) - 29/08/2025,2025-09-01,2025-09-23,UTC,USD,NL,Grow,desktop,slide,slide,exact,7.56,2,0,0,0,0,0,0,0,2,1,,,,,
Cartly Slide Cart Drawer,HP - EU (A) - 29/08/2025,2025-09-01,2025-09-23,UTC,USD,BE,Advanced,desktop,cart sidebar,cart sidebar,exact,8.03,2,1,0.5,0,0,11.06,0,11.06,4,1,,,,,
Cartly Slide Cart Drawer,HP - EU (A) - 29/08/2025,2025-09-01,2025-09-23,UTC,USD,FR,Plus,desktop,cart drawer,cart drawer,exact,7.23,2,0,0,0,0,0,0,0,4,1,,,,,
Cartly Slide Cart Drawer,HP - EU (A) - 29/08/2025,2025-09-01,2025-09-23,UTC,USD,DK,Grow,desktop,cart,cart,exact,9.53,2,0,0,0,0,0,0,0,3,0.666666,,,,,
Cartly Slide Cart Drawer,HP - EU (A) - 29/08/2025,2025-09-01,2025-09-23,UTC,USD,DK,Plus,desktop,upcart,upcart,exact,10.56,1,0,0,0,0,0,0,0,1,1,,,,,
Cartly Slide Cart Drawer,HP - EU (A) - 29/08/2025,2025-09-01,2025-09-23,UTC,USD,SE,Grow,desktop,upcart,upcart,exact,10.56,1,0,0,0,0,0,0,0,4,1,,,,,
Cartly Slide Cart Drawer,HP - EU (A) - 29/08/2025,2025-09-01,2025-09-23,UTC,USD,IE,Grow,desktop,upcart,upcart,exact,10.56,1,0,0,0,0,0,0,0,2,1,,,,,
Cartly Slide Cart Drawer,HP - EU (A) - 29/08/2025,2025-09-01,2025-09-23,UTC,USD,BE,Grow,desktop,upcart,upcart,exact,10.56,1,0,0,0,0,0,0,0,4,0.5,,,,,
Cartly Slide Cart Drawer,HP - EU (A) - 29/08/2025,2025-09-01,2025-09-23,UTC,USD,FR,Advanced,desktop,sticky cart,sticky cart,exact,6.06,1,0,0,0,0,0,0,0,4,1,,,,,
Cartly Slide Cart Drawer,HP - EU (A) - 29/08/2025,2025-09-01,2025-09-23,UTC,USD,SE,Grow,desktop,sticky cart,sticky cart,exact,6.06,1,0,0,0,0,0,0,0,3,0.5,,,,,
Cartly Slide Cart Drawer,HP - EU (A) - 29/08/2025,2025-09-01,2025-09-23,UTC,USD,GB,Grow,desktop,sticky cart,sticky cart,exact,6.06,1,0,0,0,0,0,0,0,2,0.5,,,,,
Cartly Slide Cart Drawer,HP - EU (A) - 29/08/2025,2025-09-01,2025-09-23,UTC,USD,FR,Grow,desktop,sticky cart,sticky cart,exact,6.06,1,0,0,0,0,0,0,0,4,1,,,,,
Cartly Slide Cart Drawer,HP - EU (A) - 29/08/2025,2025-09-01,2025-09-23,UTC,USD,GB,Advanced,desktop,slide cart drawer,slide cart drawer,exact,8.56,1,0,0,0,0,0,0,0,3,0.5,,,,,
Cartly Slide Cart Drawer,HP - EU (A) - 29/08/2025,2025-09-01,2025-09-23,UTC,USD,DE,Advanced,desktop,slide cart drawer,slide cart drawer,exact,8.56,1,0,0,0,0,0,0,0,4,1,,,,,
Cartly Slide Cart Drawer,HP - EU (A) - 29/08/2025,2025-09-01,2025-09-23,UTC,USD,FR,Grow,desktop,slide cart,slide cart,exact,9.56,1,0,0,0,0,0,0,0,2,1,,,,,
Cartly Slide Cart Drawer,HP - EU (A) - 29/08/2025,2025-09-01,2025-09-23,UTC,USD,NL,Advanced,desktop,slide,slide,exact,7.56,1,0,0,0,0,0,0,0,1,1,,,,,
Cartly Slide Cart Drawer,HP - EU (A) - 29/08/2025,2025-09-01,2025-09-23,UTC,USD,FR,Plus,desktop,slide,slide,exact,7.56,1,0,0,0,0,0,0,0,2,1,,,,,
Cartly Slide Cart Drawer,HP - EU (A) - 29/08/2025,2025-09-01,2025-09-23,UTC,USD,SE,Grow,desktop,slide,slide,exact,7.56,1,0,0,0,0,0,0,0,2,1,,,,,
Cartly Slide Cart Drawer,HP - EU (A) - 29/08/2025,2025-09-01,2025-09-23,UTC,USD,GB,Plus,desktop,cartly,cartly,exact,5.56,1,0,0,0,0,0,0,0,1,1,,,,,
Cartly Slide Cart Drawer,HP - EU (A) - 29/08/2025,2025-09-01,2025-09-23,UTC,USD,FR,Plus,desktop,cartly,cartly,exact,5.56,1,0,0,0,0,0,0,0,2,1,,,,,
Cartly Slide Cart Drawer,HP - EU (A) - 29/08/2025,2025-09-01,2025-09-23,UTC,USD,FR,Advanced,desktop,cart page,cart page,exact,5.56,1,0,0,0,0,0,0,0,4,1,,,,,
Cartly Slide Cart Drawer,HP - EU (A) - 29/08/2025,2025-09-01,2025-09-23,UTC,USD,GB,Advanced,desktop,cart drawer,cart drawer,exact,7.23,1,0,0,0,0,0,0,0,3,0.5,,,,,
Cartly Slide Cart Drawer,HP - EU (A) - 29/08/2025,2025-09-01,2025-09-23,UTC,USD,IE,Advanced,desktop,cart,cart,exact,9.53,1,0,0,0,0,0,0,0,4,1,,,,,
Cartly Slide Cart Drawer,HP - EU (A) - 29/08/2025,2025-09-01,2025-09-23,UTC,USD,GB,Plus,desktop,cart,cart,exact,9.53,1,0,0,0,0,0,0,0,7,0.25,,,,,
Cartly Slide Cart Drawer,HP - EU (A) - 29/08/2025,2025-09-01,2025-09-23,UTC,USD,FR,Plus,desktop,cart,cart,exact,9.53,1,0,0,0,0,0,0,0,3,0.5,,,,,
Cartly Slide Cart Drawer,HP - EU (A) - 29/08/2025,2025-09-01,2025-09-23,UTC,USD,FI,Grow,desktop,cart,cart,exact,9.53,1,0,0,0,0,0,0,0,4,1,,,,,
Cartly Slide Cart Drawer,HP - EU (A) - 29/08/2025,2025-09-01,2025-09-23,UTC,USD,SE,Advanced,desktop,upcart,upcart,exact,10.56,0,0,0,0,0,0,0,0,0,0,,,,,
Cartly Slide Cart Drawer,HP - EU (A) - 29/08/2025,2025-09-01,2025-09-23,UTC,USD,GB,Advanced,desktop,upcart,upcart,exact,10.56,0,0,0,0,0,0,0,0,0,0,,,,,
Cartly Slide Cart Drawer,HP - EU (A) - 29/08/2025,2025-09-01,2025-09-23,UTC,USD,FR,Advanced,desktop,upcart,upcart,exact,10.56,0,0,0,0,0,0,0,0,0,0,,,,,
Cartly Slide Cart Drawer,HP - EU (A) - 29/08/2025,2025-09-01,2025-09-23,UTC,USD,DK,Advanced,desktop,upcart,upcart,exact,10.56,0,0,0,0,0,0,0,0,0,0,,,,,
Cartly Slide Cart Drawer,HP - EU (A) - 29/08/2025,2025-09-01,2025-09-23,UTC,USD,BE,Advanced,desktop,upcart,upcart,exact,10.56,0,0,0,0,0,0,0,0,0,0,,,,,
Cartly Slide Cart Drawer,HP - EU (A) - 29/08/2025,2025-09-01,2025-09-23,UTC,USD,AT,Advanced,desktop,upcart,upcart,exact,10.56,0,0,0,0,0,0,0,0,0,0,,,,,
Cartly Slide Cart Drawer,HP - EU (A) - 29/08/2025,2025-09-01,2025-09-23,UTC,USD,NL,Plus,desktop,upcart,upcart,exact,10.56,0,0,0,0,0,0,0,0,0,0,,,,,
Cartly Slide Cart Drawer,HP - EU (A) - 29/08/2025,2025-09-01,2025-09-23,UTC,USD,GB,Plus,desktop,upcart,upcart,exact,10.56,0,0,0,0,0,0,0,0,0,0,,,,,
Cartly Slide Cart Drawer,HP - EU (A) - 29/08/2025,2025-09-01,2025-09-23,UTC,USD,CH,Grow,desktop,sticky cart,sticky cart,exact,6.06,0,0,0,0,0,0,0,0,0,0,,,,,
Cartly Slide Cart Drawer,HP - EU (A) - 29/08/2025,2025-09-01,2025-09-23,UTC,USD,GB,Grow,desktop,slide cart,slide cart,exact,9.56,0,0,0,0,0,0,0,0,0,0,,,,,
Cartly Slide Cart Drawer,HP - EU (A) - 29/08/2025,2025-09-01,2025-09-23,UTC,USD,NL,Grow,desktop,side cart,side cart,exact,10.56,0,0,0,0,0,0,0,0,0,0,,,,,
Cartly Slide Cart Drawer,HP - EU (A) - 29/08/2025,2025-09-01,2025-09-23,UTC,USD,GB,Grow,desktop,side cart,side cart,exact,10.56,0,0,0,0,0,0,0,0,0,0,,,,,
Cartly Slide Cart Drawer,HP - EU (A) - 29/08/2025,2025-09-01,2025-09-23,UTC,USD,FI,Grow,desktop,cart popup,cart popup,exact,10.56,0,0,0,0,0,0,0,0,0,0,,,,,
Cartly Slide Cart Drawer,HP - EU (A) - 29/08/2025,2025-09-01,2025-09-23,UTC,USD,GB,Grow,desktop,cart page,cart page,exact,5.56,0,0,0,0,0,0,0,0,0,0,,,,,
Cartly Slide Cart Drawer,HP - EU (A) - 29/08/2025,2025-09-01,2025-09-23,UTC,USD,DE,Grow,desktop,cart app,cart app,exact,7.06,0,0,0,0,0,0,0,0,0,0,,,,,
Cartly Slide Cart Drawer,HP - EU (A) - 29/08/2025,2025-09-01,2025-09-23,UTC,USD,BE,Grow,desktop,cart app,cart app,exact,7.06,0,0,0,0,0,0,0,0,0,0,,,,,
Cartly Slide Cart Drawer,HP - EU (A) - 29/08/2025,2025-09-01,2025-09-23,UTC,USD,DK,Advanced,desktop,cart,cart,exact,9.53,0,0,0,0,0,0,0,0,0,0,,,,,
Cartly Slide Cart Drawer,HP - EU (A) - 29/08/2025,2025-09-01,2025-09-23,UTC,USD,BE,Advanced,desktop,cart,cart,exact,9.53,0,0,0,0,0,0,0,0,0,0,,,,,
Cartly Slide Cart Drawer,HP - EU (A) - 29/08/2025,2025-09-01,2025-09-23,UTC,USD,NL,Plus,desktop,cart,cart,exact,9.53,0,0,0,0,0,0,0,0,0,0,,,,,
Cartly Slide Cart Drawer,HP - EU (A) - 29/08/2025,2025-09-01,2025-09-23,UTC,USD,FI,Plus,desktop,cart,cart,exact,9.53,0,0,0,0,0,0,0,0,0,0,,,,,
Cartly Slide Cart Drawer,HP - EU (A) - 29/08/2025,2025-09-01,2025-09-23,UTC,USD,DE,Plus,desktop,cart,cart,exact,9.53,0,0,0,0,0,0,0,0,0,0,,,,,
Cartly Slide Cart Drawer,HP - EU (A) - 29/08/2025,2025-09-01,2025-09-19,UTC,USD,NL,Grow,desktop,cart,cart,exact,9.53,32,4,0.125,1,0.25,9.045,36.18,36.18,3.09375,0.888888,,,,,
Cartly Slide Cart Drawer,HP - EU (A) - 29/08/2025,2025-09-01,2025-09-19,UTC,USD,FR,Grow,desktop,cart,cart,exact,9.53,24,2,0.083333,1,0.5,8.56,17.12,17.12,2.75,1,,,,,
Cartly Slide Cart Drawer,HP - EU (A) - 29/08/2025,2025-09-01,2025-09-19,UTC,USD,GB,Grow,desktop,cart,cart,exact,9.53,21,2,0.095238,0,0,8.56,0,17.12,2.666666,1,,,,,
Cartly Slide Cart Drawer,HP - EU (A) - 29/08/2025,2025-09-01,2025-09-19,UTC,USD,GB,Grow,desktop,cart drawer,cart drawer,exact,7.23,18,1,0.055555,0,0,8.56,0,8.56,2.611111,1,,,,,
Cartly Slide Cart Drawer,HP - EU (A) - 29/08/2025,2025-09-01,2025-09-19,UTC,USD,DE,Grow,desktop,cart,cart,exact,9.53,14,0,0,0,0,0,0,0,3.285714,0.933333,,,,,
Cartly Slide Cart Drawer,HP - EU (A) - 29/08/2025,2025-09-01,2025-09-19,UTC,USD,DE,Grow,desktop,slide cart,slide cart,exact,9.56,10,1,0.1,1,1,9.56,9.56,9.56,2.2,1,,,,,
Cartly Slide Cart Drawer,HP - EU (A) - 29/08/2025,2025-09-01,2025-09-19,UTC,USD,FR,Advanced,desktop,cart drawer,cart drawer,exact,7.23,10,1,0.1,0,0,8.56,0,8.56,3,0.833333,,,,,
Cartly Slide Cart Drawer,HP - EU (A) - 29/08/2025,2025-09-01,2025-09-19,UTC,USD,NL,Grow,desktop,upcart,upcart,exact,10.56,9,0,0,0,0,0,0,0,3.888888,0.75,,,,,
Cartly Slide Cart Drawer,HP - EU (A) - 29/08/2025,2025-09-01,2025-09-19,UTC,USD,CH,Grow,desktop,cart,cart,exact,9.53,9,1,0.111111,1,1,8.56,8.56,8.56,3.777777,1,,,,,
Cartly Slide Cart Drawer,HP - EU (A) - 29/08/2025,2025-09-01,2025-09-19,UTC,USD,SE,Grow,desktop,cart,cart,exact,9.53,8,0,0,0,0,0,0,0,3.75,1,,,,,
Cartly Slide Cart Drawer,HP - EU (A) - 29/08/2025,2025-09-01,2025-09-19,UTC,USD,NL,Advanced,desktop,cart,cart,exact,9.53,7,0,0,0,0,0,0,0,3.714285,0.636363,,,,,
Cartly Slide Cart Drawer,HP - EU (A) - 29/08/2025,2025-09-01,2025-09-19,UTC,USD,DE,Grow,desktop,slide cart drawer,slide cart drawer,exact,8.56,6,0,0,0,0,0,0,0,4,0.857142,,,,,
Cartly Slide Cart Drawer,HP - EU (A) - 29/08/2025,2025-09-01,2025-09-19,UTC,USD,DE,Advanced,desktop,cart drawer,cart drawer,exact,7.23,6,1,0.166666,0,0,8.56,0,8.56,2.333333,1,,,,,
Cartly Slide Cart Drawer,HP - EU (A) - 29/08/2025,2025-09-01,2025-09-19,UTC,USD,FR,Grow,desktop,cart drawer,cart drawer,exact,7.23,6,0,0,0,0,0,0,0,2,1,,,,,
Cartly Slide Cart Drawer,HP - EU (A) - 29/08/2025,2025-09-01,2025-09-19,UTC,USD,DE,Grow,desktop,cart drawer,cart drawer,exact,7.23,6,0,0,0,0,0,0,0,1.833333,1,,,,,
Cartly Slide Cart Drawer,HP - EU (A) - 29/08/2025,2025-09-01,2025-09-19,UTC,USD,DE,Advanced,desktop,cart,cart,exact,9.53,6,1,0.166666,0,0,9.53,0,9.53,3.166666,0.666666,,,,,
Cartly Slide Cart Drawer,HP - EU (A) - 29/08/2025,2025-09-01,2025-09-19,UTC,USD,NL,Grow,desktop,slide cart drawer,slide cart drawer,exact,8.56,5,1,0.2,0,0,8.56,0,8.56,2.8,1,,,,,
Cartly Slide Cart Drawer,HP - EU (A) - 29/08/2025,2025-09-01,2025-09-19,UTC,USD,NL,Grow,desktop,cart drawer,cart drawer,exact,7.23,5,0,0,0,0,0,0,0,2.2,1,,,,,
Cartly Slide Cart Drawer,HP - EU (A) - 29/08/2025,2025-09-01,2025-09-19,UTC,USD,BE,Grow,desktop,cart,cart,exact,9.53,5,0,0,0,0,0,0,0,3,1,,,,,
Cartly Slide Cart Drawer,HP - EU (A) - 29/08/2025,2025-09-01,2025-09-19,UTC,USD,GB,Grow,desktop,upcart,upcart,exact,10.56,4,0,0,0,0,0,0,0,3.5,1,,,,,
Cartly Slide Cart Drawer,HP - EU (A) - 29/08/2025,2025-09-01,2025-09-19,UTC,USD,FR,Grow,desktop,upcart,upcart,exact,10.56,4,0,0,0,0,0,0,0,3.75,1,,,,,
Cartly Slide Cart Drawer,HP - EU (A) - 29/08/2025,2025-09-01,2025-09-19,UTC,USD,GB,Plus,desktop,slide cart,slide cart,exact,9.56,4,0,0,0,0,0,0,0,4.75,1,,,,,
Cartly Slide Cart Drawer,HP - EU (A) - 29/08/2025,2025-09-01,2025-09-19,UTC,USD,FR,Advanced,desktop,drawer,drawer,exact,2.56,4,0,0,0,0,0,0,0,3,1,,,,,
Cartly Slide Cart Drawer,HP - EU (A) - 29/08/2025,2025-09-01,2025-09-19,UTC,USD,DK,Grow,desktop,upcart,upcart,exact,10.56,3,1,0.333333,0,0,10.56,0,10.56,4,1,,,,,
Cartly Slide Cart Drawer,HP - EU (A) - 29/08/2025,2025-09-01,2025-09-19,UTC,USD,CH,Grow,desktop,upcart,upcart,exact,10.56,3,0,0,0,0,0,0,0,3,1,,,,,
Cartly Slide Cart Drawer,HP - EU (A) - 29/08/2025,2025-09-01,2025-09-19,UTC,USD,DE,Grow,desktop,sticky cart,sticky cart,exact,6.06,3,0,0,0,0,0,0,0,3,1,,,,,
Cartly Slide Cart Drawer,HP - EU (A) - 29/08/2025,2025-09-01,2025-09-19,UTC,USD,NL,Grow,desktop,slide cart,slide cart,exact,9.56,3,0,0,0,0,0,0,0,2.333333,1,,,,,
Cartly Slide Cart Drawer,HP - EU (A) - 29/08/2025,2025-09-01,2025-09-19,UTC,USD,DE,Grow,desktop,quick cart,quick cart,exact,10.56,3,0,0,0,0,0,0,0,3,1,,,,,
Cartly Slide Cart Drawer,HP - EU (A) - 29/08/2025,2025-09-01,2025-09-19,UTC,USD,CH,Grow,desktop,cartly,cartly,exact,5.56,3,2,0.666666,1,0.5,5.56,11.12,11.12,2,1,,,,,
Cartly Slide Cart Drawer,HP - EU (A) - 29/08/2025,2025-09-01,2025-09-19,UTC,USD,SE,Grow,desktop,cart drawer,cart drawer,exact,7.23,3,1,0.333333,1,1,8.56,8.56,8.56,3,1,,,,,
Cartly Slide Cart Drawer,HP - EU (A) - 29/08/2025,2025-09-01,2025-09-19,UTC,USD,SE,Advanced,desktop,cart,cart,exact,9.53,3,0,0,0,0,0,0,0,6,3,,,,,
Cartly Slide Cart Drawer,HP - EU (A) - 29/08/2025,2025-09-01,2025-09-19,UTC,USD,GB,Advanced,desktop,cart,cart,exact,9.53,3,0,0,0,0,0,0,0,3.666666,0.333333,,,,,
Cartly Slide Cart Drawer,HP - EU (A) - 29/08/2025,2025-09-01,2025-09-19,UTC,USD,FR,Advanced,desktop,cart,cart,exact,9.53,3,0,0,0,0,0,0,0,3,0.272727,,,,,
Cartly Slide Cart Drawer,HP - EU (A) - 29/08/2025,2025-09-01,2025-09-19,UTC,USD,IE,Grow,desktop,cart,cart,exact,9.53,3,1,0.333333,0,0,8.56,0,8.56,3,1,,,,,
Cartly Slide Cart Drawer,HP - EU (A) - 29/08/2025,2025-09-01,2025-09-19,UTC,USD,DE,Grow,desktop,upcart,upcart,exact,10.56,2,0,0,0,0,0,0,0,3.5,0.285714,,,,,
Cartly Slide Cart Drawer,HP - EU (A) - 29/08/2025,2025-09-01,2025-09-19,UTC,USD,DE,Advanced,desktop,sticky cart,sticky cart,exact,6.06,2,0,0,0,0,0,0,0,4,1,,,,,
Cartly Slide Cart Drawer,HP - EU (A) - 29/08/2025,2025-09-01,2025-09-19,UTC,USD,FR,Grow,desktop,slide cart drawer,slide cart drawer,exact,8.56,2,0,0,0,0,0,0,0,2.5,1,,,,,
Cartly Slide Cart Drawer,HP - EU (A) - 29/08/2025,2025-09-01,2025-09-19,UTC,USD,FR,Advanced,desktop,slide cart,slide cart,exact,9.56,2,0,0,0,0,0,0,0,2,1,,,,,
Cartly Slide Cart Drawer,HP - EU (A) - 29/08/2025,2025-09-01,2025-09-19,UTC,USD,NL,Grow,desktop,slide,slide,exact,7.56,2,0,0,0,0,0,0,0,2,1,,,,,
Cartly Slide Cart Drawer,HP - EU (A) - 29/08/2025,2025-09-01,2025-09-19,UTC,USD,BE,Advanced,desktop,cart sidebar,cart sidebar,exact,8.03,2,1,0.5,0,0,11.06,0,11.06,4,1,,,,,
Cartly Slide Cart Drawer,HP - EU (A) - 29/08/2025,2025-09-01,2025-09-19,UTC,USD,FR,Plus,desktop,cart drawer,cart drawer,exact,7.23,2,0,0,0,0,0,0,0,4,1,,,,,
Cartly Slide Cart Drawer,HP - EU (A) - 29/08/2025,2025-09-01,2025-09-19,UTC,USD,DK,Grow,desktop,cart,cart,exact,9.53,2,0,0,0,0,0,0,0,3,0.666666,,,,,
Cartly Slide Cart Drawer,HP - EU (A) - 29/08/2025,2025-09-01,2025-09-19,UTC,USD,DK,Plus,desktop,upcart,upcart,exact,10.56,1,0,0,0,0,0,0,0,1,1,,,,,
Cartly Slide Cart Drawer,HP - EU (A) - 29/08/2025,2025-09-01,2025-09-19,UTC,USD,SE,Grow,desktop,upcart,upcart,exact,10.56,1,0,0,0,0,0,0,0,4,1,,,,,
Cartly Slide Cart Drawer,HP - EU (A) - 29/08/2025,2025-09-01,2025-09-19,UTC,USD,IE,Grow,desktop,upcart,upcart,exact,10.56,1,0,0,0,0,0,0,0,2,1,,,,,
Cartly Slide Cart Drawer,HP - EU (A) - 29/08/2025,2025-09-01,2025-09-19,UTC,USD,BE,Grow,desktop,upcart,upcart,exact,10.56,1,0,0,0,0,0,0,0,4,0.5,,,,,
Cartly Slide Cart Drawer,HP - EU (A) - 29/08/2025,2025-09-01,2025-09-19,UTC,USD,FR,Advanced,desktop,sticky cart,sticky cart,exact,6.06,1,0,0,0,0,0,0,0,4,1,,,,,
Cartly Slide Cart Drawer,HP - EU (A) - 29/08/2025,2025-09-01,2025-09-19,UTC,USD,SE,Grow,desktop,sticky cart,sticky cart,exact,6.06,1,0,0,0,0,0,0,0,3,0.5,,,,,
Cartly Slide Cart Drawer,HP - EU (A) - 29/08/2025,2025-09-01,2025-09-19,UTC,USD,GB,Grow,desktop,sticky cart,sticky cart,exact,6.06,1,0,0,0,0,0,0,0,2,0.5,,,,,
Cartly Slide Cart Drawer,HP - EU (A) - 29/08/2025,2025-09-01,2025-09-19,UTC,USD,FR,Grow,desktop,sticky cart,sticky cart,exact,6.06,1,0,0,0,0,0,0,0,4,1,,,,,
Cartly Slide Cart Drawer,HP - EU (A) - 29/08/2025,2025-09-01,2025-09-19,UTC,USD,GB,Advanced,desktop,slide cart drawer,slide cart drawer,exact,8.56,1,0,0,0,0,0,0,0,3,0.5,,,,,
Cartly Slide Cart Drawer,HP - EU (A) - 29/08/2025,2025-09-01,2025-09-19,UTC,USD,DE,Advanced,desktop,slide cart drawer,slide cart drawer,exact,8.56,1,0,0,0,0,0,0,0,4,1,,,,,
Cartly Slide Cart Drawer,HP - EU (A) - 29/08/2025,2025-09-01,2025-09-19,UTC,USD,FR,Grow,desktop,slide cart,slide cart,exact,9.56,1,0,0,0,0,0,0,0,2,1,,,,,
Cartly Slide Cart Drawer,HP - EU (A) - 29/08/2025,2025-09-01,2025-09-19,UTC,USD,NL,Advanced,desktop,slide,slide,exact,7.56,1,0,0,0,0,0,0,0,1,1,,,,,
Cartly Slide Cart Drawer,HP - EU (A) - 29/08/2025,2025-09-01,2025-09-19,UTC,USD,FR,Plus,desktop,slide,slide,exact,7.56,1,0,0,0,0,0,0,0,2,1,,,,,
Cartly Slide Cart Drawer,HP - EU (A) - 29/08/2025,2025-09-01,2025-09-19,UTC,USD,SE,Grow,desktop,slide,slide,exact,7.56,1,0,0,0,0,0,0,0,2,1,,,,,
Cartly Slide Cart Drawer,HP - EU (A) - 29/08/2025,2025-09-01,2025-09-19,UTC,USD,GB,Plus,desktop,cartly,cartly,exact,5.56,1,0,0,0,0,0,0,0,1,1,,,,,
Cartly Slide Cart Drawer,HP - EU (A) - 29/08/2025,2025-09-01,2025-09-19,UTC,USD,FR,Plus,desktop,cartly,cartly,exact,5.56,1,0,0,0,0,0,0,0,2,1,,,,,
Cartly Slide Cart Drawer,HP - EU (A) - 29/08/2025,2025-09-01,2025-09-19,UTC,USD,FR,Advanced,desktop,cart page,cart page,exact,5.56,1,0,0,0,0,0,0,0,4,1,,,,,
Cartly Slide Cart Drawer,HP - EU (A) - 29/08/2025,2025-09-01,2025-09-19,UTC,USD,GB,Advanced,desktop,cart drawer,cart drawer,exact,7.23,1,0,0,0,0,0,0,0,3,0.5,,,,,
Cartly Slide Cart Drawer,HP - EU (A) - 29/08/2025,2025-09-01,2025-09-19,UTC,USD,IE,Advanced,desktop,cart,cart,exact,9.53,1,0,0,0,0,0,0,0,4,1,,,,,
Cartly Slide Cart Drawer,HP - EU (A) - 29/08/2025,2025-09-01,2025-09-19,UTC,USD,GB,Plus,desktop,cart,cart,exact,9.53,1,0,0,0,0,0,0,0,7,0.25,,,,,
Cartly Slide Cart Drawer,HP - EU (A) - 29/08/2025,2025-09-01,2025-09-19,UTC,USD,FR,Plus,desktop,cart,cart,exact,9.53,1,0,0,0,0,0,0,0,3,0.5,,,,,
Cartly Slide Cart Drawer,HP - EU (A) - 29/08/2025,2025-09-01,2025-09-19,UTC,USD,FI,Grow,desktop,cart,cart,exact,9.53,1,0,0,0,0,0,0,0,4,1,,,,,
Cartly Slide Cart Drawer,HP - EU (A) - 29/08/2025,2025-09-01,2025-09-19,UTC,USD,SE,Advanced,desktop,upcart,upcart,exact,10.56,0,0,0,0,0,0,0,0,0,0,,,,,
Cartly Slide Cart Drawer,HP - EU (A) - 29/08/2025,2025-09-01,2025-09-19,UTC,USD,GB,Advanced,desktop,upcart,upcart,exact,10.56,0,0,0,0,0,0,0,0,0,0,,,,,
Cartly Slide Cart Drawer,HP - EU (A) - 29/08/2025,2025-09-01,2025-09-19,UTC,USD,FR,Advanced,desktop,upcart,upcart,exact,10.56,0,0,0,0,0,0,0,0,0,0,,,,,
Cartly Slide Cart Drawer,HP - EU (A) - 29/08/2025,2025-09-01,2025-09-19,UTC,USD,DK,Advanced,desktop,upcart,upcart,exact,10.56,0,0,0,0,0,0,0,0,0,0,,,,,
Cartly Slide Cart Drawer,HP - EU (A) - 29/08/2025,2025-09-01,2025-09-19,UTC,USD,BE,Advanced,desktop,upcart,upcart,exact,10.56,0,0,0,0,0,0,0,0,0,0,,,,,
Cartly Slide Cart Drawer,HP - EU (A) - 29/08/2025,2025-09-01,2025-09-19,UTC,USD,AT,Advanced,desktop,upcart,upcart,exact,10.56,0,0,0,0,0,0,0,0,0,0,,,,,
Cartly Slide Cart Drawer,HP - EU (A) - 29/08/2025,2025-09-01,2025-09-19,UTC,USD,NL,Plus,desktop,upcart,upcart,exact,10.56,0,0,0,0,0,0,0,0,0,0,,,,,
Cartly Slide Cart Drawer,HP - EU (A) - 29/08/2025,2025-09-01,2025-09-19,UTC,USD,GB,Plus,desktop,upcart,upcart,exact,10.56,0,0,0,0,0,0,0,0,0,0,,,,,
Cartly Slide Cart Drawer,HP - EU (A) - 29/08/2025,2025-09-01,2025-09-19,UTC,USD,CH,Grow,desktop,sticky cart,sticky cart,exact,6.06,0,0,0,0,0,0,0,0,0,0,,,,,
Cartly Slide Cart Drawer,HP - EU (A) - 29/08/2025,2025-09-01,2025-09-19,UTC,USD,GB,Grow,desktop,slide cart,slide cart,exact,9.56,0,0,0,0,0,0,0,0,0,0,,,,,
Cartly Slide Cart Drawer,HP - EU (A) - 29/08/2025,2025-09-01,2025-09-19,UTC,USD,NL,Grow,desktop,side cart,side cart,exact,10.56,0,0,0,0,0,0,0,0,0,0,,,,,
Cartly Slide Cart Drawer,HP - EU (A) - 29/08/2025,2025-09-01,2025-09-19,UTC,USD,GB,Grow,desktop,side cart,side cart,exact,10.56,0,0,0,0,0,0,0,0,0,0,,,,,
Cartly Slide Cart Drawer,HP - EU (A) - 29/08/2025,2025-09-01,2025-09-19,UTC,USD,FI,Grow,desktop,cart popup,cart popup,exact,10.56,0,0,0,0,0,0,0,0,0,0,,,,,
Cartly Slide Cart Drawer,HP - EU (A) - 29/08/2025,2025-09-01,2025-09-19,UTC,USD,GB,Grow,desktop,cart page,cart page,exact,5.56,0,0,0,0,0,0,0,0,0,0,,,,,
Cartly Slide Cart Drawer,HP - EU (A) - 29/08/2025,2025-09-01,2025-09-19,UTC,USD,DE,Grow,desktop,cart app,cart app,exact,7.06,0,0,0,0,0,0,0,0,0,0,,,,,
Cartly Slide Cart Drawer,HP - EU (A) - 29/08/2025,2025-09-01,2025-09-19,UTC,USD,BE,Grow,desktop,cart app,cart app,exact,7.06,0,0,0,0,0,0,0,0,0,0,,,,,
Cartly Slide Cart Drawer,HP - EU (A) - 29/08/2025,2025-09-01,2025-09-19,UTC,USD,DK,Advanced,desktop,cart,cart,exact,9.53,0,0,0,0,0,0,0,0,0,0,,,,,
Cartly Slide Cart Drawer,HP - EU (A) - 29/08/2025,2025-09-01,2025-09-19,UTC,USD,BE,Advanced,desktop,cart,cart,exact,9.53,0,0,0,0,0,0,0,0,0,0,,,,,
Cartly Slide Cart Drawer,HP - EU (A) - 29/08/2025,2025-09-01,2025-09-19,UTC,USD,NL,Plus,desktop,cart,cart,exact,9.53,0,0,0,0,0,0,0,0,0,0,,,,,
Cartly Slide Cart Drawer,HP - EU (A) - 29/08/2025,2025-09-01,2025-09-19,UTC,USD,FI,Plus,desktop,cart,cart,exact,9.53,0,0,0,0,0,0,0,0,0,0,,,,,
Cartly Slide Cart Drawer,HP - EU (A) - 29/08/2025,2025-09-01,2025-09-19,UTC,USD,DE,Plus,desktop,cart,cart,exact,9.53,0,0,0,0,0,0,0,0,0,0,,,,,
Cartly Slide Cart Drawer,HP - EU (A) - 29/08/2025,2025-09-01,2025-09-15,UTC,USD,NL,Grow,desktop,cart,cart,exact,9.53,32,4,0.125,1,0.25,9.045,36.18,36.18,3.09375,0.888888,,,,,
Cartly Slide Cart Drawer,HP - EU (A) - 29/08/2025,2025-09-01,2025-09-15,UTC,USD,FR,Grow,desktop,cart,cart,exact,9.53,23,2,0.086956,1,0.5,8.56,17.12,17.12,2.73913,1,,,,,
Cartly Slide Cart Drawer,HP - EU (A) - 29/08/2025,2025-09-01,2025-09-15,UTC,USD,GB,Grow,desktop,cart,cart,exact,9.53,21,2,0.095238,0,0,8.56,0,17.12,2.666666,1,,,,,
Cartly Slide Cart Drawer,HP - EU (A) - 29/08/2025,2025-09-01,2025-09-15,UTC,USD,GB,Grow,desktop,cart drawer,cart drawer,exact,7.23,18,1,0.055555,0,0,8.56,0,8.56,2.611111,1,,,,,
Cartly Slide Cart Drawer,HP - EU (A) - 29/08/2025,2025-09-01,2025-09-15,UTC,USD,DE,Grow,desktop,cart,cart,exact,9.53,14,0,0,0,0,0,0,0,3.285714,0.933333,,,,,
Cartly Slide Cart Drawer,HP - EU (A) - 29/08/2025,2025-09-01,2025-09-15,UTC,USD,DE,Grow,desktop,slide cart,slide cart,exact,9.56,10,1,0.1,1,1,9.56,9.56,9.56,2.2,1,,,,,
Cartly Slide Cart Drawer,HP - EU (A) - 29/08/2025,2025-09-01,2025-09-15,UTC,USD,FR,Advanced,desktop,cart drawer,cart drawer,exact,7.23,10,1,0.1,0,0,8.56,0,8.56,3,0.833333,,,,,
Cartly Slide Cart Drawer,HP - EU (A) - 29/08/2025,2025-09-01,2025-09-15,UTC,USD,CH,Grow,desktop,cart,cart,exact,9.53,9,1,0.111111,1,1,8.56,8.56,8.56,3.777777,1,,,,,
Cartly Slide Cart Drawer,HP - EU (A) - 29/08/2025,2025-09-01,2025-09-15,UTC,USD,NL,Grow,desktop,upcart,upcart,exact,10.56,8,0,0,0,0,0,0,0,3.875,0.727272,,,,,
Cartly Slide Cart Drawer,HP - EU (A) - 29/08/2025,2025-09-01,2025-09-15,UTC,USD,SE,Grow,desktop,cart,cart,exact,9.53,8,0,0,0,0,0,0,0,3.75,1,,,,,
Cartly Slide Cart Drawer,HP - EU (A) - 29/08/2025,2025-09-01,2025-09-15,UTC,USD,NL,Advanced,desktop,cart,cart,exact,9.53,7,0,0,0,0,0,0,0,3.714285,0.636363,,,,,
Cartly Slide Cart Drawer,HP - EU (A) - 29/08/2025,2025-09-01,2025-09-15,UTC,USD,DE,Grow,desktop,slide cart drawer,slide cart drawer,exact,8.56,6,0,0,0,0,0,0,0,4,0.857142,,,,,
Cartly Slide Cart Drawer,HP - EU (A) - 29/08/2025,2025-09-01,2025-09-15,UTC,USD,DE,Advanced,desktop,cart drawer,cart drawer,exact,7.23,6,1,0.166666,0,0,8.56,0,8.56,2.333333,1,,,,,
Cartly Slide Cart Drawer,HP - EU (A) - 29/08/2025,2025-09-01,2025-09-15,UTC,USD,FR,Grow,desktop,cart drawer,cart drawer,exact,7.23,6,0,0,0,0,0,0,0,2,1,,,,,
Cartly Slide Cart Drawer,HP - EU (A) - 29/08/2025,2025-09-01,2025-09-15,UTC,USD,DE,Grow,desktop,cart drawer,cart drawer,exact,7.23,6,0,0,0,0,0,0,0,1.833333,1,,,,,
Cartly Slide Cart Drawer,HP - EU (A) - 29/08/2025,2025-09-01,2025-09-15,UTC,USD,DE,Advanced,desktop,cart,cart,exact,9.53,6,1,0.166666,0,0,9.53,0,9.53,3.166666,0.666666,,,,,
Cartly Slide Cart Drawer,HP - EU (A) - 29/08/2025,2025-09-01,2025-09-15,UTC,USD,NL,Grow,desktop,slide cart drawer,slide cart drawer,exact,8.56,5,1,0.2,0,0,8.56,0,8.56,2.8,1,,,,,
Cartly Slide Cart Drawer,HP - EU (A) - 29/08/2025,2025-09-01,2025-09-15,UTC,USD,NL,Grow,desktop,cart drawer,cart drawer,exact,7.23,5,0,0,0,0,0,0,0,2.2,1,,,,,
Cartly Slide Cart Drawer,HP - EU (A) - 29/08/2025,2025-09-01,2025-09-15,UTC,USD,BE,Grow,desktop,cart,cart,exact,9.53,5,0,0,0,0,0,0,0,3,1,,,,,
Cartly Slide Cart Drawer,HP - EU (A) - 29/08/2025,2025-09-01,2025-09-15,UTC,USD,GB,Grow,desktop,upcart,upcart,exact,10.56,4,0,0,0,0,0,0,0,3.5,1,,,,,
Cartly Slide Cart Drawer,HP - EU (A) - 29/08/2025,2025-09-01,2025-09-15,UTC,USD,FR,Grow,desktop,upcart,upcart,exact,10.56,4,0,0,0,0,0,0,0,3.75,1,,,,,
Cartly Slide Cart Drawer,HP - EU (A) - 29/08/2025,2025-09-01,2025-09-15,UTC,USD,GB,Plus,desktop,slide cart,slide cart,exact,9.56,4,0,0,0,0,0,0,0,4.75,1,,,,,
Cartly Slide Cart Drawer,HP - EU (A) - 29/08/2025,2025-09-01,2025-09-15,UTC,USD,FR,Advanced,desktop,drawer,drawer,exact,2.56,4,0,0,0,0,0,0,0,3,1,,,,,
Cartly Slide Cart Drawer,HP - EU (A) - 29/08/2025,2025-09-01,2025-09-15,UTC,USD,DK,Grow,desktop,upcart,upcart,exact,10.56,3,1,0.333333,0,0,10.56,0,10.56,4,1,,,,,
Cartly Slide Cart Drawer,HP - EU (A) - 29/08/2025,2025-09-01,2025-09-15,UTC,USD,CH,Grow,desktop,upcart,upcart,exact,10.56,3,0,0,0,0,0,0,0,3,1,,,,,
Cartly Slide Cart Drawer,HP - EU (A) - 29/08/2025,2025-09-01,2025-09-15,UTC,USD,DE,Grow,desktop,sticky cart,sticky cart,exact,6.06,3,0,0,0,0,0,0,0,3,1,,,,,
Cartly Slide Cart Drawer,HP - EU (A) - 29/08/2025,2025-09-01,2025-09-15,UTC,USD,NL,Grow,desktop,slide cart,slide cart,exact,9.56,3,0,0,0,0,0,0,0,2.333333,1,,,,,
Cartly Slide Cart Drawer,HP - EU (A) - 29/08/2025,2025-09-01,2025-09-15,UTC,USD,DE,Grow,desktop,quick cart,quick cart,exact,10.56,3,0,0,0,0,0,0,0,3,1,,,,,
Cartly Slide Cart Drawer,HP - EU (A) - 29/08/2025,2025-09-01,2025-09-15,UTC,USD,CH,Grow,desktop,cartly,cartly,exact,5.56,3,2,0.666666,1,0.5,5.56,11.12,11.12,2,1,,,,,
Cartly Slide Cart Drawer,HP - EU (A) - 29/08/2025,2025-09-01,2025-09-15,UTC,USD,SE,Grow,desktop,cart drawer,cart drawer,exact,7.23,3,1,0.333333,1,1,8.56,8.56,8.56,3,1,,,,,
Cartly Slide Cart Drawer,HP - EU (A) - 29/08/2025,2025-09-01,2025-09-15,UTC,USD,SE,Advanced,desktop,cart,cart,exact,9.53,3,0,0,0,0,0,0,0,6,3,,,,,
Cartly Slide Cart Drawer,HP - EU (A) - 29/08/2025,2025-09-01,2025-09-15,UTC,USD,GB,Advanced,desktop,cart,cart,exact,9.53,3,0,0,0,0,0,0,0,3.666666,0.333333,,,,,
Cartly Slide Cart Drawer,HP - EU (A) - 29/08/2025,2025-09-01,2025-09-15,UTC,USD,FR,Advanced,desktop,cart,cart,exact,9.53,3,0,0,0,0,0,0,0,3,0.272727,,,,,
Cartly Slide Cart Drawer,HP - EU (A) - 29/08/2025,2025-09-01,2025-09-15,UTC,USD,IE,Grow,desktop,cart,cart,exact,9.53,3,1,0.333333,0,0,8.56,0,8.56,3,1,,,,,
Cartly Slide Cart Drawer,HP - EU (A) - 29/08/2025,2025-09-01,2025-09-15,UTC,USD,DE,Grow,desktop,upcart,upcart,exact,10.56,2,0,0,0,0,0,0,0,3.5,0.285714,,,,,
Cartly Slide Cart Drawer,HP - EU (A) - 29/08/2025,2025-09-01,2025-09-15,UTC,USD,DE,Advanced,desktop,sticky cart,sticky cart,exact,6.06,2,0,0,0,0,0,0,0,4,1,,,,,
Cartly Slide Cart Drawer,HP - EU (A) - 29/08/2025,2025-09-01,2025-09-15,UTC,USD,FR,Grow,desktop,slide cart drawer,slide cart drawer,exact,8.56,2,0,0,0,0,0,0,0,2.5,1,,,,,
Cartly Slide Cart Drawer,HP - EU (A) - 29/08/2025,2025-09-01,2025-09-15,UTC,USD,FR,Advanced,desktop,slide cart,slide cart,exact,9.56,2,0,0,0,0,0,0,0,2,1,,,,,
Cartly Slide Cart Drawer,HP - EU (A) - 29/08/2025,2025-09-01,2025-09-15,UTC,USD,NL,Grow,desktop,slide,slide,exact,7.56,2,0,0,0,0,0,0,0,2,1,,,,,
Cartly Slide Cart Drawer,HP - EU (A) - 29/08/2025,2025-09-01,2025-09-15,UTC,USD,BE,Advanced,desktop,cart sidebar,cart sidebar,exact,8.03,2,1,0.5,0,0,11.06,0,11.06,4,1,,,,,
Cartly Slide Cart Drawer,HP - EU (A) - 29/08/2025,2025-09-01,2025-09-15,UTC,USD,FR,Plus,desktop,cart drawer,cart drawer,exact,7.23,2,0,0,0,0,0,0,0,4,1,,,,,
Cartly Slide Cart Drawer,HP - EU (A) - 29/08/2025,2025-09-01,2025-09-15,UTC,USD,DK,Grow,desktop,cart,cart,exact,9.53,2,0,0,0,0,0,0,0,3,0.666666,,,,,
Cartly Slide Cart Drawer,HP - EU (A) - 29/08/2025,2025-09-01,2025-09-15,UTC,USD,DK,Plus,desktop,upcart,upcart,exact,10.56,1,0,0,0,0,0,0,0,1,1,,,,,
Cartly Slide Cart Drawer,HP - EU (A) - 29/08/2025,2025-09-01,2025-09-15,UTC,USD,SE,Grow,desktop,upcart,upcart,exact,10.56,1,0,0,0,0,0,0,0,4,1,,,,,
Cartly Slide Cart Drawer,HP - EU (A) - 29/08/2025,2025-09-01,2025-09-15,UTC,USD,IE,Grow,desktop,upcart,upcart,exact,10.56,1,0,0,0,0,0,0,0,2,1,,,,,
Cartly Slide Cart Drawer,HP - EU (A) - 29/08/2025,2025-09-01,2025-09-15,UTC,USD,BE,Grow,desktop,upcart,upcart,exact,10.56,1,0,0,0,0,0,0,0,4,0.5,,,,,
Cartly Slide Cart Drawer,HP - EU (A) - 29/08/2025,2025-09-01,2025-09-15,UTC,USD,FR,Advanced,desktop,sticky cart,sticky cart,exact,6.06,1,0,0,0,0,0,0,0,4,1,,,,,
Cartly Slide Cart Drawer,HP - EU (A) - 29/08/2025,2025-09-01,2025-09-15,UTC,USD,SE,Grow,desktop,sticky cart,sticky cart,exact,6.06,1,0,0,0,0,0,0,0,3,0.5,,,,,
Cartly Slide Cart Drawer,HP - EU (A) - 29/08/2025,2025-09-01,2025-09-15,UTC,USD,GB,Grow,desktop,sticky cart,sticky cart,exact,6.06,1,0,0,0,0,0,0,0,2,0.5,,,,,
Cartly Slide Cart Drawer,HP - EU (A) - 29/08/2025,2025-09-01,2025-09-15,UTC,USD,FR,Grow,desktop,sticky cart,sticky cart,exact,6.06,1,0,0,0,0,0,0,0,4,1,,,,,
Cartly Slide Cart Drawer,HP - EU (A) - 29/08/2025,2025-09-01,2025-09-15,UTC,USD,GB,Advanced,desktop,slide cart drawer,slide cart drawer,exact,8.56,1,0,0,0,0,0,0,0,3,0.5,,,,,
Cartly Slide Cart Drawer,HP - EU (A) - 29/08/2025,2025-09-01,2025-09-15,UTC,USD,DE,Advanced,desktop,slide cart drawer,slide cart drawer,exact,8.56,1,0,0,0,0,0,0,0,4,1,,,,,
Cartly Slide Cart Drawer,HP - EU (A) - 29/08/2025,2025-09-01,2025-09-15,UTC,USD,FR,Grow,desktop,slide cart,slide cart,exact,9.56,1,0,0,0,0,0,0,0,2,1,,,,,
Cartly Slide Cart Drawer,HP - EU (A) - 29/08/2025,2025-09-01,2025-09-15,UTC,USD,NL,Advanced,desktop,slide,slide,exact,7.56,1,0,0,0,0,0,0,0,1,1,,,,,
Cartly Slide Cart Drawer,HP - EU (A) - 29/08/2025,2025-09-01,2025-09-15,UTC,USD,FR,Plus,desktop,slide,slide,exact,7.56,1,0,0,0,0,0,0,0,2,1,,,,,
Cartly Slide Cart Drawer,HP - EU (A) - 29/08/2025,2025-09-01,2025-09-15,UTC,USD,SE,Grow,desktop,slide,slide,exact,7.56,1,0,0,0,0,0,0,0,2,1,,,,,
Cartly Slide Cart Drawer,HP - EU (A) - 29/08/2025,2025-09-01,2025-09-15,UTC,USD,GB,Plus,desktop,cartly,cartly,exact,5.56,1,0,0,0,0,0,0,0,1,1,,,,,
Cartly Slide Cart Drawer,HP - EU (A) - 29/08/2025,2025-09-01,2025-09-15,UTC,USD,FR,Plus,desktop,cartly,cartly,exact,5.56,1,0,0,0,0,0,0,0,2,1,,,,,
Cartly Slide Cart Drawer,HP - EU (A) - 29/08/2025,2025-09-01,2025-09-15,UTC,USD,FR,Advanced,desktop,cart page,cart page,exact,5.56,1,0,0,0,0,0,0,0,4,1,,,,,
Cartly Slide Cart Drawer,HP - EU (A) - 29/08/2025,2025-09-01,2025-09-15,UTC,USD,GB,Advanced,desktop,cart drawer,cart drawer,exact,7.23,1,0,0,0,0,0,0,0,3,0.5,,,,,
Cartly Slide Cart Drawer,HP - EU (A) - 29/08/2025,2025-09-01,2025-09-15,UTC,USD,IE,Advanced,desktop,cart,cart,exact,9.53,1,0,0,0,0,0,0,0,4,1,,,,,
Cartly Slide Cart Drawer,HP - EU (A) - 29/08/2025,2025-09-01,2025-09-15,UTC,USD,GB,Plus,desktop,cart,cart,exact,9.53,1,0,0,0,0,0,0,0,7,0.25,,,,,
Cartly Slide Cart Drawer,HP - EU (A) - 29/08/2025,2025-09-01,2025-09-15,UTC,USD,FR,Plus,desktop,cart,cart,exact,9.53,1,0,0,0,0,0,0,0,3,0.5,,,,,
Cartly Slide Cart Drawer,HP - EU (A) - 29/08/2025,2025-09-01,2025-09-15,UTC,USD,FI,Grow,desktop,cart,cart,exact,9.53,1,0,0,0,0,0,0,0,4,1,,,,,
Cartly Slide Cart Drawer,HP - EU (A) - 29/08/2025,2025-09-01,2025-09-15,UTC,USD,SE,Advanced,desktop,upcart,upcart,exact,10.56,0,0,0,0,0,0,0,0,0,0,,,,,
Cartly Slide Cart Drawer,HP - EU (A) - 29/08/2025,2025-09-01,2025-09-15,UTC,USD,GB,Advanced,desktop,upcart,upcart,exact,10.56,0,0,0,0,0,0,0,0,0,0,,,,,
Cartly Slide Cart Drawer,HP - EU (A) - 29/08/2025,2025-09-01,2025-09-15,UTC,USD,FR,Advanced,desktop,upcart,upcart,exact,10.56,0,0,0,0,0,0,0,0,0,0,,,,,
Cartly Slide Cart Drawer,HP - EU (A) - 29/08/2025,2025-09-01,2025-09-15,UTC,USD,DK,Advanced,desktop,upcart,upcart,exact,10.56,0,0,0,0,0,0,0,0,0,0,,,,,
Cartly Slide Cart Drawer,HP - EU (A) - 29/08/2025,2025-09-01,2025-09-15,UTC,USD,BE,Advanced,desktop,upcart,upcart,exact,10.56,0,0,0,0,0,0,0,0,0,0,,,,,
Cartly Slide Cart Drawer,HP - EU (A) - 29/08/2025,2025-09-01,2025-09-15,UTC,USD,AT,Advanced,desktop,upcart,upcart,exact,10.56,0,0,0,0,0,0,0,0,0,0,,,,,
Cartly Slide Cart Drawer,HP - EU (A) - 29/08/2025,2025-09-01,2025-09-15,UTC,USD,NL,Plus,desktop,upcart,upcart,exact,10.56,0,0,0,0,0,0,0,0,0,0,,,,,
Cartly Slide Cart Drawer,HP - EU (A) - 29/08/2025,2025-09-01,2025-09-15,UTC,USD,GB,Plus,desktop,upcart,upcart,exact,10.56,0,0,0,0,0,0,0,0,0,0,,,,,
Cartly Slide Cart Drawer,HP - EU (A) - 29/08/2025,2025-09-01,2025-09-15,UTC,USD,CH,Grow,desktop,sticky cart,sticky cart,exact,6.06,0,0,0,0,0,0,0,0,0,0,,,,,
Cartly Slide Cart Drawer,HP - EU (A) - 29/08/2025,2025-09-01,2025-09-15,UTC,USD,GB,Grow,desktop,slide cart,slide cart,exact,9.56,0,0,0,0,0,0,0,0,0,0,,,,,
Cartly Slide Cart Drawer,HP - EU (A) - 29/08/2025,2025-09-01,2025-09-15,UTC,USD,NL,Grow,desktop,side cart,side cart,exact,10.56,0,0,0,0,0,0,0,0,0,0,,,,,
Cartly Slide Cart Drawer,HP - EU (A) - 29/08/2025,2025-09-01,2025-09-15,UTC,USD,GB,Grow,desktop,side cart,side cart,exact,10.56,0,0,0,0,0,0,0,0,0,0,,,,,
Cartly Slide Cart Drawer,HP - EU (A) - 29/08/2025,2025-09-01,2025-09-15,UTC,USD,FI,Grow,desktop,cart popup,cart popup,exact,10.56,0,0,0,0,0,0,0,0,0,0,,,,,
Cartly Slide Cart Drawer,HP - EU (A) - 29/08/2025,2025-09-01,2025-09-15,UTC,USD,GB,Grow,desktop,cart page,cart page,exact,5.56,0,0,0,0,0,0,0,0,0,0,,,,,
Cartly Slide Cart Drawer,HP - EU (A) - 29/08/2025,2025-09-01,2025-09-15,UTC,USD,DE,Grow,desktop,cart app,cart app,exact,7.06,0,0,0,0,0,0,0,0,0,0,,,,,
Cartly Slide Cart Drawer,HP - EU (A) - 29/08/2025,2025-09-01,2025-09-15,UTC,USD,BE,Grow,desktop,cart app,cart app,exact,7.06,0,0,0,0,0,0,0,0,0,0,,,,,
Cartly Slide Cart Drawer,HP - EU (A) - 29/08/2025,2025-09-01,2025-09-15,UTC,USD,DK,Advanced,desktop,cart,cart,exact,9.53,0,0,0,0,0,0,0,0,0,0,,,,,
Cartly Slide Cart Drawer,HP - EU (A) - 29/08/2025,2025-09-01,2025-09-15,UTC,USD,BE,Advanced,desktop,cart,cart,exact,9.53,0,0,0,0,0,0,0,0,0,0,,,,,
Cartly Slide Cart Drawer,HP - EU (A) - 29/08/2025,2025-09-01,2025-09-15,UTC,USD,NL,Plus,desktop,cart,cart,exact,9.53,0,0,0,0,0,0,0,0,0,0,,,,,
Cartly Slide Cart Drawer,HP - EU (A) - 29/08/2025,2025-09-01,2025-09-15,UTC,USD,FI,Plus,desktop,cart,cart,exact,9.53,0,0,0,0,0,0,0,0,0,0,,,,,
Cartly Slide Cart Drawer,HP - EU (A) - 29/08/2025,2025-09-01,2025-09-15,UTC,USD,DE,Plus,desktop,cart,cart,exact,9.53,0,0,0,0,0,0,0,0,0,0,,,,,
Cartly Slide Cart Drawer,HP - EU (A) - 29/08/2025,2025-09-01,2025-09-10,UTC,USD,NL,Grow,desktop,cart,cart,exact,9.53,22,2,0.090909,0,0,8.56,0,17.12,3.5,0.846153,,,,,
Cartly Slide Cart Drawer,HP - EU (A) - 29/08/2025,2025-09-01,2025-09-10,UTC,USD,GB,Grow,desktop,cart drawer,cart drawer,exact,7.23,18,1,0.055555,0,0,8.56,0,8.56,2.611111,1,,,,,
Cartly Slide Cart Drawer,HP - EU (A) - 29/08/2025,2025-09-01,2025-09-10,UTC,USD,GB,Grow,desktop,cart,cart,exact,9.53,14,2,0.142857,0,0,8.56,0,17.12,2.571428,1,,,,,
Cartly Slide Cart Drawer,HP - EU (A) - 29/08/2025,2025-09-01,2025-09-10,UTC,USD,FR,Grow,desktop,cart,cart,exact,9.53,12,2,0.166666,1,0.5,8.56,17.12,17.12,2.75,1,,,,,
Cartly Slide Cart Drawer,HP - EU (A) - 29/08/2025,2025-09-01,2025-09-10,UTC,USD,DE,Grow,desktop,cart,cart,exact,9.53,12,0,0,0,0,0,0,0,3.333333,1,,,,,
Cartly Slide Cart Drawer,HP - EU (A) - 29/08/2025,2025-09-01,2025-09-10,UTC,USD,FR,Advanced,desktop,cart drawer,cart drawer,exact,7.23,10,1,0.1,0,0,8.56,0,8.56,3,0.833333,,,,,
Cartly Slide Cart Drawer,HP - EU (A) - 29/08/2025,2025-09-01,2025-09-10,UTC,USD,SE,Grow,desktop,cart,cart,exact,9.53,8,0,0,0,0,0,0,0,3.75,1,,,,,
Cartly Slide Cart Drawer,HP - EU (A) - 29/08/2025,2025-09-01,2025-09-10,UTC,USD,NL,Grow,desktop,upcart,upcart,exact,10.56,6,0,0,0,0,0,0,0,3.833333,0.75,,,,,
Cartly Slide Cart Drawer,HP - EU (A) - 29/08/2025,2025-09-01,2025-09-10,UTC,USD,DE,Grow,desktop,slide cart drawer,slide cart drawer,exact,8.56,6,0,0,0,0,0,0,0,4,0.857142,,,,,
Cartly Slide Cart Drawer,HP - EU (A) - 29/08/2025,2025-09-01,2025-09-10,UTC,USD,DE,Advanced,desktop,cart drawer,cart drawer,exact,7.23,6,1,0.166666,0,0,8.56,0,8.56,2.333333,1,,,,,
Cartly Slide Cart Drawer,HP - EU (A) - 29/08/2025,2025-09-01,2025-09-10,UTC,USD,FR,Grow,desktop,cart drawer,cart drawer,exact,7.23,6,0,0,0,0,0,0,0,2,1,,,,,
Cartly Slide Cart Drawer,HP - EU (A) - 29/08/2025,2025-09-01,2025-09-10,UTC,USD,DE,Grow,desktop,cart drawer,cart drawer,exact,7.23,6,0,0,0,0,0,0,0,1.833333,1,,,,,
Cartly Slide Cart Drawer,HP - EU (A) - 29/08/2025,2025-09-01,2025-09-10,UTC,USD,NL,Grow,desktop,slide cart drawer,slide cart drawer,exact,8.56,5,1,0.2,0,0,8.56,0,8.56,2.8,1,,,,,
Cartly Slide Cart Drawer,HP - EU (A) - 29/08/2025,2025-09-01,2025-09-10,UTC,USD,DE,Grow,desktop,slide cart,slide cart,exact,9.56,5,0,0,0,0,0,0,0,2.4,1,,,,,
Cartly Slide Cart Drawer,HP - EU (A) - 29/08/2025,2025-09-01,2025-09-10,UTC,USD,NL,Grow,desktop,cart drawer,cart drawer,exact,7.23,5,0,0,0,0,0,0,0,2.2,1,,,,,
Cartly Slide Cart Drawer,HP - EU (A) - 29/08/2025,2025-09-01,2025-09-10,UTC,USD,GB,Plus,desktop,slide cart,slide cart,exact,9.56,4,0,0,0,0,0,0,0,4.75,1,,,,,
Cartly Slide Cart Drawer,HP - EU (A) - 29/08/2025,2025-09-01,2025-09-10,UTC,USD,FR,Advanced,desktop,drawer,drawer,exact,2.56,4,0,0,0,0,0,0,0,3,1,,,,,
Cartly Slide Cart Drawer,HP - EU (A) - 29/08/2025,2025-09-01,2025-09-10,UTC,USD,GB,Grow,desktop,upcart,upcart,exact,10.56,3,0,0,0,0,0,0,0,3.666666,1,,,,,
Cartly Slide Cart Drawer,HP - EU (A) - 29/08/2025,2025-09-01,2025-09-10,UTC,USD,FR,Grow,desktop,upcart,upcart,exact,10.56,3,0,0,0,0,0,0,0,3.666666,1,,,,,
Cartly Slide Cart Drawer,HP - EU (A) - 29/08/2025,2025-09-01,2025-09-10,UTC,USD,DK,Grow,desktop,upcart,upcart,exact,10.56,3,1,0.333333,0,0,10.56,0,10.56,4,1,,,,,
Cartly Slide Cart Drawer,HP - EU (A) - 29/08/2025,2025-09-01,2025-09-10,UTC,USD,CH,Grow,desktop,upcart,upcart,exact,10.56,3,0,0,0,0,0,0,0,3,1,,,,,
Cartly Slide Cart Drawer,HP - EU (A) - 29/08/2025,2025-09-01,2025-09-10,UTC,USD,DE,Grow,desktop,sticky cart,sticky cart,exact,6.06,3,0,0,0,0,0,0,0,3,1,,,,,
Cartly Slide Cart Drawer,HP - EU (A) - 29/08/2025,2025-09-01,2025-09-10,UTC,USD,NL,Grow,desktop,slide cart,slide cart,exact,9.56,3,0,0,0,0,0,0,0,2.333333,1,,,,,
Cartly Slide Cart Drawer,HP - EU (A) - 29/08/2025,2025-09-01,2025-09-10,UTC,USD,DE,Grow,desktop,quick cart,quick cart,exact,10.56,3,0,0,0,0,0,0,0,3,1,,,,,
Cartly Slide Cart Drawer,HP - EU (A) - 29/08/2025,2025-09-01,2025-09-10,UTC,USD,SE,Grow,desktop,cart drawer,cart drawer,exact,7.23,3,1,0.333333,1,1,8.56,8.56,8.56,3,1,,,,,
Cartly Slide Cart Drawer,HP - EU (A) - 29/08/2025,2025-09-01,2025-09-10,UTC,USD,SE,Advanced,desktop,cart,cart,exact,9.53,3,0,0,0,0,0,0,0,6,3,,,,,
Cartly Slide Cart Drawer,HP - EU (A) - 29/08/2025,2025-09-01,2025-09-10,UTC,USD,NL,Advanced,desktop,cart,cart,exact,9.53,3,0,0,0,0,0,0,0,4.666666,0.428571,,,,,
Cartly Slide Cart Drawer,HP - EU (A) - 29/08/2025,2025-09-01,2025-09-10,UTC,USD,FR,Advanced,desktop,cart,cart,exact,9.53,3,0,0,0,0,0,0,0,3,0.3,,,,,
Cartly Slide Cart Drawer,HP - EU (A) - 29/08/2025,2025-09-01,2025-09-10,UTC,USD,CH,Grow,desktop,cart,cart,exact,9.53,3,1,0.333333,1,1,8.56,8.56,8.56,4,1,,,,,
Cartly Slide Cart Drawer,HP - EU (A) - 29/08/2025,2025-09-01,2025-09-10,UTC,USD,DE,Grow,desktop,upcart,upcart,exact,10.56,2,0,0,0,0,0,0,0,3.5,0.5,,,,,
Cartly Slide Cart Drawer,HP - EU (A) - 29/08/2025,2025-09-01,2025-09-10,UTC,USD,DE,Advanced,desktop,sticky cart,sticky cart,exact,6.06,2,0,0,0,0,0,0,0,4,1,,,,,
Cartly Slide Cart Drawer,HP - EU (A) - 29/08/2025,2025-09-01,2025-09-10,UTC,USD,FR,Grow,desktop,slide cart drawer,slide cart drawer,exact,8.56,2,0,0,0,0,0,0,0,2.5,1,,,,,
Cartly Slide Cart Drawer,HP - EU (A) - 29/08/2025,2025-09-01,2025-09-10,UTC,USD,NL,Grow,desktop,slide,slide,exact,7.56,2,0,0,0,0,0,0,0,2,1,,,,,
Cartly Slide Cart Drawer,HP - EU (A) - 29/08/2025,2025-09-01,2025-09-10,UTC,USD,BE,Advanced,desktop,cart sidebar,cart sidebar,exact,8.03,2,1,0.5,0,0,11.06,0,11.06,4,1,,,,,
Cartly Slide Cart Drawer,HP - EU (A) - 29/08/2025,2025-09-01,2025-09-10,UTC,USD,FR,Plus,desktop,cart drawer,cart drawer,exact,7.23,2,0,0,0,0,0,0,0,4,1,,,,,
Cartly Slide Cart Drawer,HP - EU (A) - 29/08/2025,2025-09-01,2025-09-10,UTC,USD,GB,Advanced,desktop,cart,cart,exact,9.53,2,0,0,0,0,0,0,0,4,0.25,,,,,
Cartly Slide Cart Drawer,HP - EU (A) - 29/08/2025,2025-09-01,2025-09-10,UTC,USD,IE,Grow,desktop,cart,cart,exact,9.53,2,1,0.5,0,0,8.56,0,8.56,3,1,,,,,
Cartly Slide Cart Drawer,HP - EU (A) - 29/08/2025,2025-09-01,2025-09-10,UTC,USD,SE,Grow,desktop,upcart,upcart,exact,10.56,1,0,0,0,0,0,0,0,4,1,,,,,
Cartly Slide Cart Drawer,HP - EU (A) - 29/08/2025,2025-09-01,2025-09-10,UTC,USD,IE,Grow,desktop,upcart,upcart,exact,10.56,1,0,0,0,0,0,0,0,2,1,,,,,
Cartly Slide Cart Drawer,HP - EU (A) - 29/08/2025,2025-09-01,2025-09-10,UTC,USD,FR,Advanced,desktop,sticky cart,sticky cart,exact,6.06,1,0,0,0,0,0,0,0,4,1,,,,,
Cartly Slide Cart Drawer,HP - EU (A) - 29/08/2025,2025-09-01,2025-09-10,UTC,USD,SE,Grow,desktop,sticky cart,sticky cart,exact,6.06,1,0,0,0,0,0,0,0,3,0.5,,,,,
Cartly Slide Cart Drawer,HP - EU (A) - 29/08/2025,2025-09-01,2025-09-10,UTC,USD,GB,Grow,desktop,sticky cart,sticky cart,exact,6.06,1,0,0,0,0,0,0,0,2,0.5,,,,,
Cartly Slide Cart Drawer,HP - EU (A) - 29/08/2025,2025-09-01,2025-09-10,UTC,USD,GB,Advanced,desktop,slide cart drawer,slide cart drawer,exact,8.56,1,0,0,0,0,0,0,0,3,0.5,,,,,
Cartly Slide Cart Drawer,HP - EU (A) - 29/08/2025,2025-09-01,2025-09-10,UTC,USD,DE,Advanced,desktop,slide cart drawer,slide cart drawer,exact,8.56,1,0,0,0,0,0,0,0,4,1,,,,,
Cartly Slide Cart Drawer,HP - EU (A) - 29/08/2025,2025-09-01,2025-09-10,UTC,USD,FR,Grow,desktop,slide cart,slide cart,exact,9.56,1,0,0,0,0,0,0,0,2,1,,,,,
Cartly Slide Cart Drawer,HP - EU (A) - 29/08/2025,2025-09-01,2025-09-10,UTC,USD,NL,Advanced,desktop,slide,slide,exact,7.56,1,0,0,0,0,0,0,0,1,1,,,,,
Cartly Slide Cart Drawer,HP - EU (A) - 29/08/2025,2025-09-01,2025-09-10,UTC,USD,FR,Plus,desktop,slide,slide,exact,7.56,1,0,0,0,0,0,0,0,2,1,,,,,
Cartly Slide Cart Drawer,HP - EU (A) - 29/08/2025,2025-09-01,2025-09-10,UTC,USD,GB,Plus,desktop,cartly,cartly,exact,5.56,1,0,0,0,0,0,0,0,1,1,,,,,
Cartly Slide Cart Drawer,HP - EU (A) - 29/08/2025,2025-09-01,2025-09-10,UTC,USD,FR,Plus,desktop,cartly,cartly,exact,5.56,1,0,0,0,0,0,0,0,2,1,,,,,
Cartly Slide Cart Drawer,HP - EU (A) - 29/08/2025,2025-09-01,2025-09-10,UTC,USD,GB,Advanced,desktop,cart drawer,cart drawer,exact,7.23,1,0,0,0,0,0,0,0,3,0.5,,,,,
Cartly Slide Cart Drawer,HP - EU (A) - 29/08/2025,2025-09-01,2025-09-10,UTC,USD,IE,Advanced,desktop,cart,cart,exact,9.53,1,0,0,0,0,0,0,0,4,1,,,,,
Cartly Slide Cart Drawer,HP - EU (A) - 29/08/2025,2025-09-01,2025-09-10,UTC,USD,DE,Advanced,desktop,cart,cart,exact,9.53,1,0,0,0,0,0,0,0,4,0.25,,,,,
Cartly Slide Cart Drawer,HP - EU (A) - 29/08/2025,2025-09-01,2025-09-10,UTC,USD,GB,Plus,desktop,cart,cart,exact,9.53,1,0,0,0,0,0,0,0,7,0.25,,,,,
Cartly Slide Cart Drawer,HP - EU (A) - 29/08/2025,2025-09-01,2025-09-10,UTC,USD,FI,Grow,desktop,cart,cart,exact,9.53,1,0,0,0,0,0,0,0,4,1,,,,,
Cartly Slide Cart Drawer,HP - EU (A) - 29/08/2025,2025-09-01,2025-09-10,UTC,USD,BE,Grow,desktop,cart,cart,exact,9.53,1,0,0,0,0,0,0,0,3,1,,,,,
Cartly Slide Cart Drawer,HP - EU (A) - 29/08/2025,2025-09-01,2025-09-10,UTC,USD,GB,Advanced,desktop,upcart,upcart,exact,10.56,0,0,0,0,0,0,0,0,0,0,,,,,
Cartly Slide Cart Drawer,HP - EU (A) - 29/08/2025,2025-09-01,2025-09-10,UTC,USD,FR,Advanced,desktop,upcart,upcart,exact,10.56,0,0,0,0,0,0,0,0,0,0,,,,,
Cartly Slide Cart Drawer,HP - EU (A) - 29/08/2025,2025-09-01,2025-09-10,UTC,USD,DK,Advanced,desktop,upcart,upcart,exact,10.56,0,0,0,0,0,0,0,0,0,0,,,,,
Cartly Slide Cart Drawer,HP - EU (A) - 29/08/2025,2025-09-01,2025-09-10,UTC,USD,AT,Advanced,desktop,upcart,upcart,exact,10.56,0,0,0,0,0,0,0,0,0,0,,,,,
Cartly Slide Cart Drawer,HP - EU (A) - 29/08/2025,2025-09-01,2025-09-10,UTC,USD,NL,Plus,desktop,upcart,upcart,exact,10.56,0,0,0,0,0,0,0,0,0,0,,,,,
Cartly Slide Cart Drawer,HP - EU (A) - 29/08/2025,2025-09-01,2025-09-10,UTC,USD,GB,Plus,desktop,upcart,upcart,exact,10.56,0,0,0,0,0,0,0,0,0,0,,,,,
Cartly Slide Cart Drawer,HP - EU (A) - 29/08/2025,2025-09-01,2025-09-10,UTC,USD,GB,Grow,desktop,slide cart,slide cart,exact,9.56,0,0,0,0,0,0,0,0,0,0,,,,,
Cartly Slide Cart Drawer,HP - EU (A) - 29/08/2025,2025-09-01,2025-09-10,UTC,USD,NL,Grow,desktop,side cart,side cart,exact,10.56,0,0,0,0,0,0,0,0,0,0,,,,,
Cartly Slide Cart Drawer,HP - EU (A) - 29/08/2025,2025-09-01,2025-09-10,UTC,USD,GB,Grow,desktop,side cart,side cart,exact,10.56,0,0,0,0,0,0,0,0,0,0,,,,,
Cartly Slide Cart Drawer,HP - EU (A) - 29/08/2025,2025-09-01,2025-09-10,UTC,USD,FI,Grow,desktop,cart popup,cart popup,exact,10.56,0,0,0,0,0,0,0,0,0,0,,,,,
Cartly Slide Cart Drawer,HP - EU (A) - 29/08/2025,2025-09-01,2025-09-10,UTC,USD,DE,Grow,desktop,cart app,cart app,exact,7.06,0,0,0,0,0,0,0,0,0,0,,,,,
Cartly Slide Cart Drawer,HP - EU (A) - 29/08/2025,2025-09-01,2025-09-10,UTC,USD,BE,Grow,desktop,cart app,cart app,exact,7.06,0,0,0,0,0,0,0,0,0,0,,,,,
Cartly Slide Cart Drawer,HP - EU (A) - 29/08/2025,2025-09-01,2025-09-10,UTC,USD,BE,Advanced,desktop,cart,cart,exact,9.53,0,0,0,0,0,0,0,0,0,0,,,,,
Cartly Slide Cart Drawer,HP - EU (A) - 29/08/2025,2025-09-01,2025-09-10,UTC,USD,NL,Plus,desktop,cart,cart,exact,9.53,0,0,0,0,0,0,0,0,0,0,,,,,
Cartly Slide Cart Drawer,HP - EU (A) - 29/08/2025,2025-09-01,2025-09-10,UTC,USD,FR,Plus,desktop,cart,cart,exact,9.53,0,0,0,0,0,0,0,0,0,0,,,,,
Cartly Slide Cart Drawer,HP - EU (A) - 29/08/2025,2025-09-01,2025-09-10,UTC,USD,DE,Plus,desktop,cart,cart,exact,9.53,0,0,0,0,0,0,0,0,0,0,,,,,
Cartly Slide Cart Drawer,HP - EU (A) - 29/08/2025,2025-09-01,2025-09-10,UTC,USD,DK,Grow,desktop,cart,cart,exact,9.53,0,0,0,0,0,0,0,0,0,0,,,,,
Cartly Slide Cart Drawer,HP - EU (A) - 29/08/2025,2025-09-01,2025-09-07,UTC,USD,NL,Grow,desktop,cart,cart,exact,9.53,17,1,0.058823,0,0,8.56,0,8.56,4,0.809523,,,,,
Cartly Slide Cart Drawer,HP - EU (A) - 29/08/2025,2025-09-01,2025-09-07,UTC,USD,GB,Grow,desktop,cart drawer,cart drawer,exact,7.23,11,1,0.090909,0,0,8.56,0,8.56,2.363636,1,,,,,
Cartly Slide Cart Drawer,HP - EU (A) - 29/08/2025,2025-09-01,2025-09-07,UTC,USD,FR,Advanced,desktop,cart drawer,cart drawer,exact,7.23,10,1,0.1,0,0,8.56,0,8.56,3,0.833333,,,,,
Cartly Slide Cart Drawer,HP - EU (A) - 29/08/2025,2025-09-01,2025-09-07,UTC,USD,DE,Grow,desktop,cart,cart,exact,9.53,10,0,0,0,0,0,0,0,3.4,1,,,,,
Cartly Slide Cart Drawer,HP - EU (A) - 29/08/2025,2025-09-01,2025-09-07,UTC,USD,FR,Grow,desktop,cart,cart,exact,9.53,9,2,0.222222,1,0.5,8.56,17.12,17.12,3,1,,,,,
Cartly Slide Cart Drawer,HP - EU (A) - 29/08/2025,2025-09-01,2025-09-07,UTC,USD,SE,Grow,desktop,cart,cart,exact,9.53,8,0,0,0,0,0,0,0,3.75,1,,,,,
Cartly Slide Cart Drawer,HP - EU (A) - 29/08/2025,2025-09-01,2025-09-07,UTC,USD,GB,Grow,desktop,cart,cart,exact,9.53,7,1,0.142857,0,0,8.56,0,8.56,3.571428,1,,,,,
Cartly Slide Cart Drawer,HP - EU (A) - 29/08/2025,2025-09-01,2025-09-07,UTC,USD,DE,Grow,desktop,slide cart drawer,slide cart drawer,exact,8.56,6,0,0,0,0,0,0,0,4,0.857142,,,,,
Cartly Slide Cart Drawer,HP - EU (A) - 29/08/2025,2025-09-01,2025-09-07,UTC,USD,FR,Grow,desktop,cart drawer,cart drawer,exact,7.23,6,0,0,0,0,0,0,0,2,1,,,,,
Cartly Slide Cart Drawer,HP - EU (A) - 29/08/2025,2025-09-01,2025-09-07,UTC,USD,DE,Grow,desktop,slide cart,slide cart,exact,9.56,5,0,0,0,0,0,0,0,2.4,1,,,,,
Cartly Slide Cart Drawer,HP - EU (A) - 29/08/2025,2025-09-01,2025-09-07,UTC,USD,NL,Grow,desktop,cart drawer,cart drawer,exact,7.23,5,0,0,0,0,0,0,0,2.2,1,,,,,
Cartly Slide Cart Drawer,HP - EU (A) - 29/08/2025,2025-09-01,2025-09-07,UTC,USD,NL,Grow,desktop,upcart,upcart,exact,10.56,4,0,0,0,0,0,0,0,4,0.666666,,,,,
Cartly Slide Cart Drawer,HP - EU (A) - 29/08/2025,2025-09-01,2025-09-07,UTC,USD,FR,Advanced,desktop,drawer,drawer,exact,2.56,4,0,0,0,0,0,0,0,3,1,,,,,
Cartly Slide Cart Drawer,HP - EU (A) - 29/08/2025,2025-09-01,2025-09-07,UTC,USD,DK,Grow,desktop,upcart,upcart,exact,10.56,3,1,0.333333,0,0,10.56,0,10.56,4,1,,,,,
Cartly Slide Cart Drawer,HP - EU (A) - 29/08/2025,2025-09-01,2025-09-07,UTC,USD,DE,Grow,desktop,quick cart,quick cart,exact,10.56,3,0,0,0,0,0,0,0,3,1,,,,,
Cartly Slide Cart Drawer,HP - EU (A) - 29/08/2025,2025-09-01,2025-09-07,UTC,USD,SE,Grow,desktop,cart drawer,cart drawer,exact,7.23,3,1,0.333333,1,1,8.56,8.56,8.56,3,1,,,,,
Cartly Slide Cart Drawer,HP - EU (A) - 29/08/2025,2025-09-01,2025-09-07,UTC,USD,FR,Advanced,desktop,cart,cart,exact,9.53,3,0,0,0,0,0,0,0,3,0.333333,,,,,
Cartly Slide Cart Drawer,HP - EU (A) - 29/08/2025,2025-09-01,2025-09-07,UTC,USD,CH,Grow,desktop,cart,cart,exact,9.53,3,1,0.333333,1,1,8.56,8.56,8.56,4,1,,,,,
Cartly Slide Cart Drawer,HP - EU (A) - 29/08/2025,2025-09-01,2025-09-07,UTC,USD,GB,Grow,desktop,upcart,upcart,exact,10.56,2,0,0,0,0,0,0,0,4,1,,,,,
Cartly Slide Cart Drawer,HP - EU (A) - 29/08/2025,2025-09-01,2025-09-07,UTC,USD,DE,Grow,desktop,sticky cart,sticky cart,exact,6.06,2,0,0,0,0,0,0,0,3,1,,,,,
Cartly Slide Cart Drawer,HP - EU (A) - 29/08/2025,2025-09-01,2025-09-07,UTC,USD,NL,Grow,desktop,slide,slide,exact,7.56,2,0,0,0,0,0,0,0,2,1,,,,,
Cartly Slide Cart Drawer,HP - EU (A) - 29/08/2025,2025-09-01,2025-09-07,UTC,USD,BE,Advanced,desktop,cart sidebar,cart sidebar,exact,8.03,2,1,0.5,0,0,11.06,0,11.06,4,1,,,,,
Cartly Slide Cart Drawer,HP - EU (A) - 29/08/2025,2025-09-01,2025-09-07,UTC,USD,FR,Plus,desktop,cart drawer,cart drawer,exact,7.23,2,0,0,0,0,0,0,0,4,1,,,,,
Cartly Slide Cart Drawer,HP - EU (A) - 29/08/2025,2025-09-01,2025-09-07,UTC,USD,GB,Advanced,desktop,cart,cart,exact,9.53,2,0,0,0,0,0,0,0,4,0.333333,,,,,
Cartly Slide Cart Drawer,HP - EU (A) - 29/08/2025,2025-09-01,2025-09-07,UTC,USD,IE,Grow,desktop,cart,cart,exact,9.53,2,1,0.5,0,0,8.56,0,8.56,3,1,,,,,
Cartly Slide Cart Drawer,HP - EU (A) - 29/08/2025,2025-09-01,2025-09-07,UTC,USD,SE,Grow,desktop,upcart,upcart,exact,10.56,1,0,0,0,0,0,0,0,4,1,,,,,
Cartly Slide Cart Drawer,HP - EU (A) - 29/08/2025,2025-09-01,2025-09-07,UTC,USD,IE,Grow,desktop,upcart,upcart,exact,10.56,1,0,0,0,0,0,0,0,2,1,,,,,
Cartly Slide Cart Drawer,HP - EU (A) - 29/08/2025,2025-09-01,2025-09-07,UTC,USD,FR,Grow,desktop,upcart,upcart,exact,10.56,1,0,0,0,0,0,0,0,3,1,,,,,
Cartly Slide Cart Drawer,HP - EU (A) - 29/08/2025,2025-09-01,2025-09-07,UTC,USD,DE,Grow,desktop,upcart,upcart,exact,10.56,1,0,0,0,0,0,0,0,3,0.333333,,,,,
Cartly Slide Cart Drawer,HP - EU (A) - 29/08/2025,2025-09-01,2025-09-07,UTC,USD,FR,Advanced,desktop,sticky cart,sticky cart,exact,6.06,1,0,0,0,0,0,0,0,4,1,,,,,
Cartly Slide Cart Drawer,HP - EU (A) - 29/08/2025,2025-09-01,2025-09-07,UTC,USD,GB,Grow,desktop,sticky cart,sticky cart,exact,6.06,1,0,0,0,0,0,0,0,2,1,,,,,
Cartly Slide Cart Drawer,HP - EU (A) - 29/08/2025,2025-09-01,2025-09-07,UTC,USD,FR,Grow,desktop,slide cart drawer,slide cart drawer,exact,8.56,1,0,0,0,0,0,0,0,3,1,,,,,
Cartly Slide Cart Drawer,HP - EU (A) - 29/08/2025,2025-09-01,2025-09-07,UTC,USD,GB,Plus,desktop,slide cart,slide cart,exact,9.56,1,0,0,0,0,0,0,0,7,1,,,,,
Cartly Slide Cart Drawer,HP - EU (A) - 29/08/2025,2025-09-01,2025-09-07,UTC,USD,NL,Advanced,desktop,slide,slide,exact,7.56,1,0,0,0,0,0,0,0,1,1,,,,,
Cartly Slide Cart Drawer,HP - EU (A) - 29/08/2025,2025-09-01,2025-09-07,UTC,USD,GB,Plus,desktop,cartly,cartly,exact,5.56,1,0,0,0,0,0,0,0,1,1,,,,,
Cartly Slide Cart Drawer,HP - EU (A) - 29/08/2025,2025-09-01,2025-09-07,UTC,USD,FR,Plus,desktop,cartly,cartly,exact,5.56,1,0,0,0,0,0,0,0,2,1,,,,,
Cartly Slide Cart Drawer,HP - EU (A) - 29/08/2025,2025-09-01,2025-09-07,UTC,USD,GB,Advanced,desktop,cart drawer,cart drawer,exact,7.23,1,0,0,0,0,0,0,0,3,0.5,,,,,
Cartly Slide Cart Drawer,HP - EU (A) - 29/08/2025,2025-09-01,2025-09-07,UTC,USD,DE,Grow,desktop,cart drawer,cart drawer,exact,7.23,1,0,0,0,0,0,0,0,3,1,,,,,
Cartly Slide Cart Drawer,HP - EU (A) - 29/08/2025,2025-09-01,2025-09-07,UTC,USD,NL,Advanced,desktop,cart,cart,exact,9.53,1,0,0,0,0,0,0,0,6,0.2,,,,,
Cartly Slide Cart Drawer,HP - EU (A) - 29/08/2025,2025-09-01,2025-09-07,UTC,USD,IE,Advanced,desktop,cart,cart,exact,9.53,1,0,0,0,0,0,0,0,4,1,,,,,
Cartly Slide Cart Drawer,HP - EU (A) - 29/08/2025,2025-09-01,2025-09-07,UTC,USD,GB,Plus,desktop,cart,cart,exact,9.53,1,0,0,0,0,0,0,0,7,0.333333,,,,,
Cartly Slide Cart Drawer,HP - EU (A) - 29/08/2025,2025-09-01,2025-09-07,UTC,USD,FI,Grow,desktop,cart,cart,exact,9.53,1,0,0,0,0,0,0,0,4,1,,,,,
Cartly Slide Cart Drawer,HP - EU (A) - 29/08/2025,2025-09-01,2025-09-07,UTC,USD,GB,Advanced,desktop,upcart,upcart,exact,10.56,0,0,0,0,0,0,0,0,0,0,,,,,
Cartly Slide Cart Drawer,HP - EU (A) - 29/08/2025,2025-09-01,2025-09-07,UTC,USD,FR,Advanced,desktop,upcart,upcart,exact,10.56,0,0,0,0,0,0,0,0,0,0,,,,,
Cartly Slide Cart Drawer,HP - EU (A) - 29/08/2025,2025-09-01,2025-09-07,UTC,USD,AT,Advanced,desktop,upcart,upcart,exact,10.56,0,0,0,0,0,0,0,0,0,0,,,,,
Cartly Slide Cart Drawer,HP - EU (A) - 29/08/2025,2025-09-01,2025-09-07,UTC,USD,NL,Plus,desktop,upcart,upcart,exact,10.56,0,0,0,0,0,0,0,0,0,0,,,,,
Cartly Slide Cart Drawer,HP - EU (A) - 29/08/2025,2025-09-01,2025-09-07,UTC,USD,GB,Plus,desktop,upcart,upcart,exact,10.56,0,0,0,0,0,0,0,0,0,0,,,,,
Cartly Slide Cart Drawer,HP - EU (A) - 29/08/2025,2025-09-01,2025-09-07,UTC,USD,SE,Grow,desktop,sticky cart,sticky cart,exact,6.06,0,0,0,0,0,0,0,0,0,0,,,,,
Cartly Slide Cart Drawer,HP - EU (A) - 29/08/2025,2025-09-01,2025-09-07,UTC,USD,GB,Grow,desktop,slide cart,slide cart,exact,9.56,0,0,0,0,0,0,0,0,0,0,,,,,
Cartly Slide Cart Drawer,HP - EU (A) - 29/08/2025,2025-09-01,2025-09-07,UTC,USD,NL,Grow,desktop,side cart,side cart,exact,10.56,0,0,0,0,0,0,0,0,0,0,,,,,
Cartly Slide Cart Drawer,HP - EU (A) - 29/08/2025,2025-09-01,2025-09-07,UTC,USD,FI,Grow,desktop,cart popup,cart popup,exact,10.56,0,0,0,0,0,0,0,0,0,0,,,,,
Cartly Slide Cart Drawer,HP - EU (A) - 29/08/2025,2025-09-01,2025-09-07,UTC,USD,DE,Grow,desktop,cart app,cart app,exact,7.06,0,0,0,0,0,0,0,0,0,0,,,,,
Cartly Slide Cart Drawer,HP - EU (A) - 29/08/2025,2025-09-01,2025-09-07,UTC,USD,DE,Advanced,desktop,cart,cart,exact,9.53,0,0,0,0,0,0,0,0,0,0,,,,,
Cartly Slide Cart Drawer,HP - EU (A) - 29/08/2025,2025-09-01,2025-09-07,UTC,USD,NL,Plus,desktop,cart,cart,exact,9.53,0,0,0,0,0,0,0,0,0,0,,,,,
Cartly Slide Cart Drawer,HP - EU (A) - 29/08/2025,2025-09-01,2025-09-07,UTC,USD,DE,Plus,desktop,cart,cart,exact,9.53,0,0,0,0,0,0,0,0,0,0,,,,,
Cartly Slide Cart Drawer,HP - EU (A) - 29/08/2025,2025-09-01,2025-09-07,UTC,USD,DK,Grow,desktop,cart,cart,exact,9.53,0,0,0,0,0,0,0,0,0,0,,,,,